"original_id","participant_id","subset"
"566bdeb3beaf21001240085a","01","sub1"
"589295bdd8cdf10001d885b2","02","sub1"
"5c644e502b97df0001f3d00d","03","sub1"
"5e67a895fafaa10180652312","04","sub1"
"5e94e9ea24758d845362681c","05","sub1"
"5ed94af267e7bf10f180c5b0","06","sub1"
"5eda5bb476418b08bd6cfb41","07","sub1"
"5f4520ebb012170878012efc","08","sub1"
"5f49fd29edde0c564e9f83c6","09","sub1"
"5f5aa7a073b8271a0ab0947c","10","sub1"
"60ebfc77adae0f59618d6471","11","sub1"
"6138d26ce6302b626fcf805c","12","sub1"
"613af39692992acbacdbbbbc","13","sub1"
"642b3aab1e4144843eb82d33","14","sub1"
"652c76287ae78f67fed11b15","15","sub1"
"6544fd514964fea23051c3b7","16","sub1"
"656125ea917d5c4c6f1abbc1","17","sub1"
"662bf98a6f25e5ccdce46ebc","18","sub1"
"66311bae532a469f4858933e","19","sub1"
"665a9ddb536966183500a7b1","20","sub1"
"669f349c50e94fd78b7c3b66","21","sub1"
"66c19251237692d2ae3bb12f","22","sub1"
"66c9efce03794720af423f39","23","sub1"
"66da00b954451b948f184412","24","sub1"
"66ff0a0dcd4370bb07f02ab3","25","sub1"
"6719637f62cec965e1fcb4fa","26","sub1"
"671e4b927fa293418ae656d8","27","sub1"
"675a52489ef670a7beb7ad4b","28","sub1"
"67b60e955ba983e69c97b9fc","29","sub1"
"67c2a258878f52578c900b89","30","sub1"
"67d548b5aa5737666a77a6d2","31","sub1"
"682b23f345fc428cc9586a06","32","sub1"
"56b10faa6399f90011da710d","01","sub2"
"5b9d57e5737d030001ad2cbf","02","sub2"
"5c66cc9246bfc200019044b8","03","sub2"
"5d8a29c082fec30001d9c24a","04","sub2"
"5ddd0b8bfce606c58740642d","05","sub2"
"5e9133f704391d46ee2bcb31","06","sub2"
"5ea923ee3297e83992b87065","07","sub2"
"5ebb96b6cd673a0008ace9ce","08","sub2"
"5edeea354d54cb1a825aa8f9","09","sub2"
"5f6660dbdd831c230e132024","10","sub2"
"5ff4bcf08e8e87733ac1e9a8","11","sub2"
"60db9412ba928de1fdc2269e","12","sub2"
"60f5b52aded3aa62d82e5bbb","13","sub2"
"611ed2c05be8517aa0d6076b","14","sub2"
"61496cada4d62f06804fa610","15","sub2"
"6162bf42048363a56b08995e","16","sub2"
"63991528da6b035f5681cbc0","17","sub2"
"63d7a4d2ac703039f14c66dd","18","sub2"
"649dba79b97070557ebe3d0b","19","sub2"
"64df6c0375d740bb235620f5","20","sub2"
"6575c7da000442e5a54f5e24","21","sub2"
"65a7027c88eae2b9a68ae596","22","sub2"
"65c25e3de8b230c294f2b32c","23","sub2"
"66537b0010ca11939058e52b","24","sub2"
"6679a3b7cb020a6e4728eac5","25","sub2"
"667aca76f4fb2f1d50d80c2e","26","sub2"
"66a6211743bf2623c0a8eb81","27","sub2"
"66ceb0af1cd3e27b364bfd53","28","sub2"
"66df3fb1714165680f1d4164","29","sub2"
"67722f8e3a4f08a288a1f640","30","sub2"
"67dc2076f3a330eb3c1f6901","31","sub2"
"692f85979256ee859e96d6ad","32","sub2"
"570d30d942a1db000fc4cf87","01","sub3"
"5730f0a7dd6617000ed945c9","02","sub3"
"5c7e7443cfd4e300169918f8","03","sub3"
"5ea90bb434d5e337e98c7edd","04","sub3"
"5ee92b925f0f482bb1e73668","05","sub3"
"5f75d01a857e4e27a575f7ca","06","sub3"
"6009606726f80266d809bf9a","07","sub3"
"60cee4ec871f36088fe20ff3","08","sub3"
"60f0b62b3c30ebff57116a24","09","sub3"
"6111d08247ef6871bf11ec6b","10","sub3"
"6112810f76d46087c3e2d208","11","sub3"
"631610af8e747093cd90e00d","12","sub3"
"651033d039c135459ac83d8f","13","sub3"
"6522721f904f87ec074bbec3","14","sub3"
"652d3d3c8e375878e83f43f3","15","sub3"
"659daa1ed4e13d6428103c1f","16","sub3"
"65eabcbd33cf1f693633dfba","17","sub3"
"65fddd28b6c2225134a7102b","18","sub3"
"66283d9da33f3d5231de7e21","19","sub3"
"664b44d8a11f1bcbba9e0494","20","sub3"
"664b85e7ff6eae55f19c060d","21","sub3"
"6668c9df1d76dc85e0f95d40","22","sub3"
"668b82c13307a88530a2d4fc","23","sub3"
"669533c82c03a4d6320159d3","24","sub3"
"66bb28d7c5549cce9b8c2d07","25","sub3"
"672268205351c30413c9837e","26","sub3"
"672a315f5ffd0405912274c1","27","sub3"
"6740834d80cb11ff26ffa77d","28","sub3"
"675c6db4887ccdd0d3d15534","29","sub3"
"67c535ec3af64efa48e9a601","30","sub3"
"6926c95802f66337764785d9","31","sub3"
"692e35caecdc86e21cb15fb7","32","sub3"
