index,r,g,b
0,255,128.331179517518,199.574232178669
1,255,128.167940856565,196.794394565632
2,255,128.026249137009,194.001313716314
3,255,127.906493906279,191.194974520921
4,255,127.809053042376,188.37532394841
5,255,127.734291336183,185.54226832473
6,255,127.682559085306,182.695670345424
7,255,127.654190708281,179.835345786073
8,255,127.649503388163,176.96105986806
9,255,127.668795754542,174.072523230042
10,255,127.712346612981,171.169387447026
11,255,127.780413730709,168.251240028725
12,255,127.873232687134,165.317598816586
13,255,127.991015797356,162.367905683946
14,255,128.1339511164,159.401519425634
15,255,128.302201531284,156.417707701104
16,255,128.49590394738,153.415637867804
17,255,128.715168574758,150.394366507655
18,255,128.960078319352,147.352827407279
19,255,129.230688282914,144.289817699758
20,255,129.527025374753,141.203981808905
21,255,129.849088037261,138.093792752138
22,255,130.196846086253,134.957530249193
23,255,130.570240666099,131.793254943256
24,255,130.969184318652,128.598777857693
25,255,131.393561163998,125.371623970011
26,255,131.843227190102,122.108988463475
27,255,132.318010647584,118.807683784596
28,255,132.817712544991,115.464075046355
29,255,133.342107239254,112.074000505342
30,255,133.890943115331,108.6326727052
31,255,134.463943348478,105.134554264428
32,255,135.060806742154,101.573199952192
33,255,135.681208634179,97.9410532555355
34,255,136.32480186351,94.2291804632759
35,255,136.991217789826,90.42691731209
36,255,137.680067358068,86.5213906122104
37,255,138.390942200068,82.4968566755072
38,255,139.123415765522,78.3337636039991
39,255,139.87704447476,74.0073834255024
40,255,140.651368885994,69.4857476488339
41,255,141.445914870041,64.7264010678241
42,255,142.260194785918,59.6710333527663
43,255,143.093708651067,54.2360177446588
44,255,143.945945300447,48.2942917249368
45,255,144.816383529191,41.6364751020704
46,255,145.704493213996,33.8722294739244
47,255,146.609736408939,24.0993926230932
48,255,147.531568411882,8.83957548045691
49,255,148.469438798123,0
50,255,149.422792418472,0
51,255,150.39107035932,0
52,255,151.373710862801,0
53,255,152.370150205514,0
54,255,153.37982353468,0
55,255,154.402165660999,0
56,255,155.436611807796,0
57,255,156.482598316351,0
58,255,157.539563307609,0
59,255,158.606947300694,0
60,255,159.684193788901,0
61,255,160.770749773992,0
62,255,161.866066259845,0
63,255,162.969598706578,0
64,255,164.080807446462,0
65,255,165.199158062962,0
66,255,166.324121734359,0
67,255,167.455175543466,0
68,255,168.591802754953,0
69,255,169.733493061856,0
70,255,170.879742802833,0
71,255,172.030055151733,0
72,255,173.183940281037,0
73,255,174.340915500696,0
74,255,175.500505373869,0
75,255,176.66224181103,0
76,255,177.825664143861,0
77,255,178.990319180323,0
78,255,180.155761242219,0
79,255,181.32155218654,0
80,255,182.487261411814,0
81,255,183.65246585064,0
82,255,184.816749949511,0
83,255,185.979705637002,0
84,255,187.140932281335,0
85,255,188.300036638266,0
86,255,189.45663279022,0
87,255,190.610342077508,0
88,255,191.760793022456,0
89,255,192.907621247189,0
90,255,194.050469385792,0
91,255,195.188986991524,0
92,255,196.322830439707,0
93,255,197.451662826884,0
94,255,198.575153866809,0
95,253.342396111529,199.692979783766,0
96,251.170984994747,200.804823203724,0
97,248.966785858999,201.910373043769,0
98,246.729551784981,203.009324400232,0
99,244.459012981892,204.101378435916,0
100,242.154874973233,205.186242266792,0
101,239.816816620643,206.263628848486,0
102,237.444487967054,207.333256862911,0
103,235.037507877888,208.394850605305,0
104,232.595461456019,209.448139871983,0
105,230.117897202734,210.492859849033,0
106,227.604323892839,211.528751002224,0
107,225.054207127295,212.555558968319,0
108,222.466965521138,213.573034448028,0
109,219.841966477817,214.580933100767,0
110,217.178521493239,215.579015441418,0
111,214.475880923454,216.567046739253,0
112,211.73322813882,217.544796919159,0
113,208.949672974103,218.512040465328,0
114,206.124244367907,219.468556327516,0
115,203.255882065421,220.414127830018,0
116,200.343427234823,221.348542583435,0
117,197.38561181885,222.271592399367,0
118,194.381046407629,223.183073208096,0
119,191.32820637508,224.082784979358,0
120,188.225415966876,224.970531646269,0
121,185.070829959941,225.846121032477,0
122,181.862412427877,226.709364782602,0
123,178.597912038196,227.560078296001,0
124,175.274833168575,228.398080663928,0
125,171.890401950676,229.223194610104,0
126,168.441526117954,230.035246434748,0
127,164.924747229297,230.834065962078,0
128,161.33618343686,231.619486491326,0
129,157.671460425843,232.391344751248,0
130,153.925627421354,233.149480858175,0
131,150.093054151766,233.893738277581,14.0923317622566
132,146.167303258038,234.623963789173,27.8165243150045
133,142.140970660191,235.340007455506,37.3231531990782
134,138.005483549373,236.041722594094,45.0591875898263
135,133.750841513625,236.728965753014,51.7746402776878
136,129.365280091239,237.401596689964,57.8141647919267
137,124.834826550748,238.05947835477,63.3686432079368
138,120.142702814113,238.702476875284,68.5562434679447
139,115.26850643019,239.330461546657,73.4557944353807
140,110.187060475146,239.943304823929,78.1227901023165
141,104.866753933931,240.540882317908,82.5979185071277
142,99.2670686347227,241.123072794265,86.9119758270569
143,93.3347494589739,241.689758175808,91.0888736202835
144,86.9975882967848,242.240823547871,95.1475697700321
145,80.1537246804311,242.776157166745,99.1033580263745
146,72.6517804531234,243.2956504711,102.968757873503
147,64.2500192374418,243.799198096313,106.754145868727
148,54.5191975140503,244.286697891628,110.468214355613
149,42.5513524770409,244.758050940081,114.118311713503
150,25.583438418658,245.213161581087,117.710699352511
151,0,245.651937435623,121.250748961015
152,0,246.074289433901,124.743096073115
153,0,246.480131845445,128.191761170078
154,0,246.869382311477,131.600246289849
155,0,247.241961879506,134.971612910872
156,0,247.597795040024,138.308545343733
157,0,247.936809765195,141.613402782037
158,0,248.258937549437,144.888262388207
159,0,248.564113451783,148.134955225898
160,0,248.852276139899,151.35509643543
161,0,249.123367935658,154.550110739132
162,0,249.377334862137,157.721254130339
163,0,249.614126691928,160.869632422312
164,0,249.833696996626,163.996217197005
165,0,250.036003197387,167.10185958792
166,0,250.221006616413,170.187302248708
167,0,250.388672529245,173.253189794106
168,0,250.538970217736,176.300077948222
169,0,250.671873023558,179.328441593955
170,0,250.787358402132,182.338681884215
171,0,250.885407976831,185.33113254881
172,0,250.966007593325,188.306065509084
173,0,251.029147373936,191.263695894568
174,0,251.074821771865,194.204186541261
175,0,251.10302962515,197.127652039051
176,0,251.113774210218,200.034162385765
177,0,251.107063294905,202.923746296944
178,0,251.082909190778,205.796394213459
179,0,251.041328804658,208.652061043184
180,0,250.982343689163,211.490668667975
181,0,250.905980092174,214.312108243019
182,0,250.812269005045,217.116242312011
183,0,250.70124620946,219.902906758613
184,0,250.572952322755,222.671912612002
185,0,250.427432841606,225.423047722124
186,0,250.264738183926,228.156078318302
187,0,250.08492372883,230.870750463229
188,0,249.888049854553,233.566791412914
189,0,249.674181974161,236.243910891914
190,0,249.443390568947,238.90180229211
191,0,249.195751219357,241.540143802316
192,0,248.931344633327,244.158599475218
193,0,248.650256671895,246.756820237391
194,0,248.352578371972,249.334444847529
195,0,248.038405966122,251.891100807434
196,0,247.707840899246,254.426405229868
197,0,247.360989842038,255
198,0,246.99796470109,255
199,0,246.618882625527,255
200,0,246.223866010061,255
201,0,245.813042494335,255
202,0,245.386544958454,255
203,0,244.944511514588,255
204,0,244.487085494548,255
205,0,244.01441543321,255
206,0,243.526655047706,255
207,0,243.023963212267,255
208,0,242.506503928637,255
209,0,241.974446291948,255
210,0,241.427964451983,255
211,0,240.86723756973,255
212,0,240.292449769157,255
213,0,239.703790084125,255
214,0,239.101452400361,255
215,0,238.485635392444,255
216,0,237.856542455715,255
217,0,237.214381633078,255
218,0,236.559365536626,255
219,0,235.891711264052,255
220,0,235.211640309809,255
221,0,234.519378470976,255
222,0,233.81515574782,255
223,0,233.099206239024,255
224,0,232.37176803157,255
225,0,231.633083085289,255
226,0,230.883397112068,255
227,0,230.122959449731,255
228,0,229.352022930635,255
229,0,228.570843744995,255
230,0,227.779681298992,255
231,0,226.978798067723,255
232,0,226.168459443051,255
233,0,225.348933576445,255
234,0,224.520491216889,255
235,0,223.683405543972,255
236,0,222.837951996275,255
237,0,221.984408095185,255
238,0,221.123053264276,255
239,0,220.254168644433,255
240,0,219.378036904874,255
241,0,218.49494205028,255
242,0,217.60516922423,255
243,0,216.709004509165,255
244,0,215.806734723136,255
245,0,214.898647213571,255
246,0,213.985029648373,255
247,0,213.066169804605,255
248,0,212.142355355106,255
249,24.6459753531053,211.213873653362,255
250,40.6039963854756,210.281011516978,255
251,51.9273262702179,209.344055010122,255
252,61.1418530673717,208.403289225344,255
253,69.0944650718036,207.458998065163,255
254,76.1890239682134,206.51146402385,255
255,82.6541928099771,205.560967969867,255
256,88.6337231037451,204.607788929411,255
257,94.2246503297668,203.65220387155,255
258,99.495953299647,202.694487495454,255
259,104.498636356133,201.734912020227,255
260,109.271601603556,200.773746977887,255
261,113.845274253311,199.81125901002,255
262,118.243947652968,198.847711668694,255
263,122.487359261023,197.883365222178,255
264,126.591784149823,196.91847646608,255
265,130.570814581276,195.953298540483,255
266,134.435928873728,194.988080753678,255
267,138.1969149977,194.023068413129,255
268,141.862191647329,193.058502664269,255
269,145.43905545246,192.094620337747,255
270,148.933874002576,191.131653805764,255
271,152.352238461813,190.169830848109,255
272,155.6990856062,189.209374528514,255
273,158.978796414393,188.250503081951,255
274,162.195276462871,187.293429813469,255
275,165.352022045059,186.338363009182,255
276,168.452174976661,185.385505859973,255
277,171.498568351783,184.435056398505,255
278,174.493764999329,183.487207450083,255
279,177.440090004463,182.542146597887,255
280,180.339658369423,181.600056163112,255
281,183.194398666418,180.661113200468,255
282,186.006073364794,179.725489509512,255
283,188.776296382168,178.793351662235,255
284,191.506548305563,177.864861047273,255
285,194.198189646698,176.94017393112,255
286,196.852472430639,176.019441536632,255
287,199.470550364944,175.102810139098,255
288,202.053487794587,174.190421180111,255
289,204.60226761403,173.2824113994,255
290,207.11779828016,172.378912984763,255
291,209.600920047213,171.480053740175,255
292,212.052410526141,170.58595727209,255
293,214.472989655511,169.696743193905,255
294,216.863324158186,168.812527348501,255
295,219.224031547384,167.933422048704,255
296,221.555683736727,167.059536335466,255
297,223.858810301372,166.190976253488,255
298,226.133901430934,165.32784514395,255
299,228.381410609534,164.470243953959,255
300,230.601757053687,163.618271562242,255
301,232.79532793483,162.772025120566,255
302,234.962480409957,161.931600410277,255
303,237.103543480885,161.097092213311,255
304,239.218819700262,160.26859469693,255
305,241.308586740204,159.446201811408,255
306,243.373098837648,158.630007699772,255
307,245.412588128841,157.8201071187,255
308,247.427265884016,157.016595869527,255
309,249.417323652032,156.219571238334,255
310,251.382934323718,155.429132443941,255
311,253.324253121682,154.645381092603,255
312,255,153.86842163814,255
313,255,153.098361846123,255
314,255,152.335313260719,255
315,255,151.579391672676,255
316,255,150.830717586906,255
317,255,150.089416688008,255
318,255,149.355620302047,255
319,255,148.629465852778,255
320,255,147.911097310503,255
321,255,147.200665631597,255
322,255,146.498329186751,255
323,255,145.804254175832,255
324,255,145.118615027254,255
325,255,144.441594779649,255
326,255,143.773385443577,255
327,255,143.114188340939,255
328,255,142.464214419726,255
329,255,141.82368454164,255
330,255,141.192829740111,255
331,255,140.571891446185,255
332,255,139.961121679691,255
333,255,139.360783203129,255
334,255,138.771149635649,255
335,255,138.192505524524,255
336,255,137.625146371532,255
337,255,137.069378611679,255
338,255,136.525519541747,255
339,255,135.99389719624,254.619731278778
340,255,135.474850168364,252.161658356487
341,255,134.968727373832,249.685040507645
342,255,134.475887755385,247.190286880922
343,255,133.996699926153,244.677796801993
344,255,133.531541750141,242.147959039596
345,255,133.080799858384,239.601151042137
346,255,132.6448690996,237.037738142243
347,255,132.224151924473,234.458072726375
348,255,131.819057703035,231.862493366252
349,255,131.430001975042,229.251323908466
350,255,131.057405633605,226.624872518228
351,255,130.701694042857,223.983430672685
352,255,130.363296090866,221.327272098701
353,255,130.042643179596,218.656651649345
354,255,129.740168154193,215.971804112607
355,255,129.456304174519,213.272942945031
356,255,129.191483532396,210.560258922015
357,255,128.946136418645,207.833918695413
358,255,128.720689644626,205.094063247837
359,255,128.515565323558,202.340806231616
