"original_id","participant_source","participant_id","participant_cohort","subset"
"566bdeb3beaf21001240085a","prolific","01","prior_2026-03-10","sub1"
"589295bdd8cdf10001d885b2","prolific","02","prior_2026-03-10","sub1"
"5c644e502b97df0001f3d00d","prolific","03","prior_2026-03-10","sub1"
"5e67a895fafaa10180652312","prolific","04","prior_2026-03-10","sub1"
"5e94e9ea24758d845362681c","prolific","05","prior_2026-03-10","sub1"
"5ed94af267e7bf10f180c5b0","prolific","06","prior_2026-03-10","sub1"
"5eda5bb476418b08bd6cfb41","prolific","07","prior_2026-03-10","sub1"
"5f4520ebb012170878012efc","prolific","08","prior_2026-03-10","sub1"
"5f49fd29edde0c564e9f83c6","prolific","09","prior_2026-03-10","sub1"
"5f5aa7a073b8271a0ab0947c","prolific","10","prior_2026-03-10","sub1"
"60ebfc77adae0f59618d6471","prolific","11","prior_2026-03-10","sub1"
"6138d26ce6302b626fcf805c","prolific","12","prior_2026-03-10","sub1"
"613af39692992acbacdbbbbc","prolific","13","prior_2026-03-10","sub1"
"642b3aab1e4144843eb82d33","prolific","14","prior_2026-03-10","sub1"
"652c76287ae78f67fed11b15","prolific","15","prior_2026-03-10","sub1"
"6544fd514964fea23051c3b7","prolific","16","prior_2026-03-10","sub1"
"656125ea917d5c4c6f1abbc1","prolific","17","prior_2026-03-10","sub1"
"662bf98a6f25e5ccdce46ebc","prolific","18","prior_2026-03-10","sub1"
"66311bae532a469f4858933e","prolific","19","prior_2026-03-10","sub1"
"665a9ddb536966183500a7b1","prolific","20","prior_2026-03-10","sub1"
"669f349c50e94fd78b7c3b66","prolific","21","prior_2026-03-10","sub1"
"66c19251237692d2ae3bb12f","prolific","22","prior_2026-03-10","sub1"
"66c9efce03794720af423f39","prolific","23","prior_2026-03-10","sub1"
"66da00b954451b948f184412","prolific","24","prior_2026-03-10","sub1"
"66ff0a0dcd4370bb07f02ab3","prolific","25","prior_2026-03-10","sub1"
"6719637f62cec965e1fcb4fa","prolific","26","prior_2026-03-10","sub1"
"671e4b927fa293418ae656d8","prolific","27","prior_2026-03-10","sub1"
"675a52489ef670a7beb7ad4b","prolific","28","prior_2026-03-10","sub1"
"67b60e955ba983e69c97b9fc","prolific","29","prior_2026-03-10","sub1"
"67c2a258878f52578c900b89","prolific","30","prior_2026-03-10","sub1"
"67d548b5aa5737666a77a6d2","prolific","31","prior_2026-03-10","sub1"
"682b23f345fc428cc9586a06","prolific","32","prior_2026-03-10","sub1"
"140.11918644017109756@2026-05-11T06:26:24","new_platform","33","new_2026-06-03","sub1"
"143.57578375244816412@2026-05-11T07:01:52","new_platform","34","new_2026-06-03","sub1"
"147.11918644017109756@2026-05-11T07:43:26","new_platform","35","new_2026-06-03","sub1"
"159.59897547820194974@2026-05-11T08:26:39","new_platform","36","new_2026-06-03","sub1"
"163.65306232003596145@2026-05-11T08:57:11","new_platform","37","new_2026-06-03","sub1"
"168.11918644017109756@2026-05-11T10:01:50","new_platform","38","new_2026-06-03","sub1"
"171.57578375244816412@2026-05-11T10:22:20","new_platform","39","new_2026-06-03","sub1"
"175.18424005069309972@2026-05-11T10:50:28","new_platform","40","new_2026-06-03","sub1"
"179.20907349495211559@2026-05-11T11:05:35","new_platform","41","new_2026-06-03","sub1"
"182.74076015103133090@2026-05-11T11:13:39","new_platform","42","new_2026-06-03","sub1"
"185.11547358080307372@2026-05-11T11:32:05","new_platform","43","new_2026-06-03","sub1"
"187.36869376899828051@2026-05-11T11:44:05","new_platform","44","new_2026-06-03","sub1"
"189.56671693096345356@2026-05-11T12:18:29","new_platform","45","new_2026-06-03","sub1"
"194.30462630650565197@2026-05-11T13:32:28","new_platform","46","new_2026-06-03","sub1"
"213.56671693096345356@2026-05-12T00:11:23","new_platform","47","new_2026-06-03","sub1"
"216.87821006611581492@2026-05-12T00:30:22","new_platform","48","new_2026-06-03","sub1"
"220.71915622537837502@2026-05-12T00:54:43","new_platform","49","new_2026-06-03","sub1"
"228.03855764186198071@2026-05-12T02:14:40","new_platform","50","new_2026-06-03","sub1"
"236.61014067107607837@2026-05-12T02:47:12","new_platform","51","new_2026-06-03","sub1"
"245.75630845010601343@2026-05-12T03:15:12","new_platform","52","new_2026-06-03","sub1"
"259.11918644017109756@2026-05-12T04:31:41","new_platform","53","new_2026-06-03","sub1"
"270.42085192664900642@2026-05-12T06:07:36","new_platform","54","new_2026-06-03","sub1"
"277.52756262871657702@2026-05-12T07:31:30","new_platform","55","new_2026-06-03","sub1"
"317.76061746712471574@2026-05-12T14:43:39","new_platform","56","new_2026-06-03","sub1"
"319.51861628754077982@2026-05-12T15:04:02","new_platform","57","new_2026-06-03","sub1"
"329.23630445059007624@2026-05-13T02:35:49","new_platform","58","new_2026-06-03","sub1"
"343.80146879187993589@2026-05-13T05:09:39","new_platform","59","new_2026-06-03","sub1"
"354.07777827704131856@2026-05-13T07:38:19","new_platform","60","new_2026-06-03","sub1"
"355.11918644017109756@2026-05-13T08:05:43","new_platform","61","new_2026-06-03","sub1"
"371.20901796076104115@2026-05-13T10:32:32","new_platform","62","new_2026-06-03","sub1"
"383.29442491625437630@2026-05-13T13:31:53","new_platform","63","new_2026-06-03","sub1"
"385.11918644017109756@2026-05-13T16:11:57","new_platform","64","new_2026-06-03","sub1"
"389.10578057881967985@2026-05-14T01:26:46","new_platform","65","new_2026-06-03","sub1"
"394.51459543312928080@2026-05-14T07:17:01","new_platform","66","new_2026-06-03","sub1"
"404.87821006611581492@2026-05-14T11:44:36","new_platform","67","new_2026-06-03","sub1"
"414.11918644017109756@2026-05-15T01:56:39","new_platform","68","new_2026-06-03","sub1"
"425.52074412950307107@2026-05-15T05:09:34","new_platform","69","new_2026-06-03","sub1"
"439.39292139479772969@2026-05-15T10:09:55","new_platform","70","new_2026-06-03","sub1"
"440.11918644017109756@2026-05-20T01:58:23","new_platform","71","new_2026-06-03","sub1"
"442.11918644017109756@2026-05-20T04:03:11","new_platform","72","new_2026-06-03","sub1"
"470.11918644017109756@2026-05-27T01:10:56","new_platform","73","new_2026-06-03","sub1"
"479.11918644017109756@2026-05-29T04:10:08","new_platform","74","new_2026-06-03","sub1"
"484.11918644017109756@2026-05-29T09:58:36","new_platform","75","new_2026-06-03","sub1"
"56b10faa6399f90011da710d","prolific","01","prior_2026-03-10","sub2"
"5b9d57e5737d030001ad2cbf","prolific","02","prior_2026-03-10","sub2"
"5c66cc9246bfc200019044b8","prolific","03","prior_2026-03-10","sub2"
"5d8a29c082fec30001d9c24a","prolific","04","prior_2026-03-10","sub2"
"5ddd0b8bfce606c58740642d","prolific","05","prior_2026-03-10","sub2"
"5e9133f704391d46ee2bcb31","prolific","06","prior_2026-03-10","sub2"
"5ea923ee3297e83992b87065","prolific","07","prior_2026-03-10","sub2"
"5ebb96b6cd673a0008ace9ce","prolific","08","prior_2026-03-10","sub2"
"5edeea354d54cb1a825aa8f9","prolific","09","prior_2026-03-10","sub2"
"5f6660dbdd831c230e132024","prolific","10","prior_2026-03-10","sub2"
"5ff4bcf08e8e87733ac1e9a8","prolific","11","prior_2026-03-10","sub2"
"60db9412ba928de1fdc2269e","prolific","12","prior_2026-03-10","sub2"
"60f5b52aded3aa62d82e5bbb","prolific","13","prior_2026-03-10","sub2"
"611ed2c05be8517aa0d6076b","prolific","14","prior_2026-03-10","sub2"
"61496cada4d62f06804fa610","prolific","15","prior_2026-03-10","sub2"
"6162bf42048363a56b08995e","prolific","16","prior_2026-03-10","sub2"
"63991528da6b035f5681cbc0","prolific","17","prior_2026-03-10","sub2"
"63d7a4d2ac703039f14c66dd","prolific","18","prior_2026-03-10","sub2"
"649dba79b97070557ebe3d0b","prolific","19","prior_2026-03-10","sub2"
"64df6c0375d740bb235620f5","prolific","20","prior_2026-03-10","sub2"
"6575c7da000442e5a54f5e24","prolific","21","prior_2026-03-10","sub2"
"65a7027c88eae2b9a68ae596","prolific","22","prior_2026-03-10","sub2"
"65c25e3de8b230c294f2b32c","prolific","23","prior_2026-03-10","sub2"
"66537b0010ca11939058e52b","prolific","24","prior_2026-03-10","sub2"
"6679a3b7cb020a6e4728eac5","prolific","25","prior_2026-03-10","sub2"
"667aca76f4fb2f1d50d80c2e","prolific","26","prior_2026-03-10","sub2"
"66a6211743bf2623c0a8eb81","prolific","27","prior_2026-03-10","sub2"
"66ceb0af1cd3e27b364bfd53","prolific","28","prior_2026-03-10","sub2"
"66df3fb1714165680f1d4164","prolific","29","prior_2026-03-10","sub2"
"67722f8e3a4f08a288a1f640","prolific","30","prior_2026-03-10","sub2"
"67dc2076f3a330eb3c1f6901","prolific","31","prior_2026-03-10","sub2"
"692f85979256ee859e96d6ad","prolific","32","prior_2026-03-10","sub2"
"139.08872649631059981@2026-05-11T05:58:35","new_platform","33","new_2026-06-03","sub2"
"145.61129822267007962@2026-05-11T07:28:56","new_platform","34","new_2026-06-03","sub2"
"149.02030729829406384@2026-05-11T07:46:19","new_platform","35","new_2026-06-03","sub2"
"157.41648405595320087@2026-05-11T08:08:42","new_platform","36","new_2026-06-03","sub2"
"160.40838525465103957@2026-05-11T08:39:21","new_platform","37","new_2026-06-03","sub2"
"173.35166016356633030@2026-05-11T10:42:23","new_platform","38","new_2026-06-03","sub2"
"174.51154266463474999@2026-05-11T10:47:15","new_platform","39","new_2026-06-03","sub2"
"181.79050800794443116@2026-05-11T11:12:49","new_platform","40","new_2026-06-03","sub2"
"183.34411861622677764@2026-05-11T11:24:39","new_platform","41","new_2026-06-03","sub2"
"188.11918644017109756@2026-05-11T12:16:35","new_platform","42","new_2026-06-03","sub2"
"193.59081899252573909@2026-05-11T13:22:55","new_platform","43","new_2026-06-03","sub2"
"195.11918644017109756@2026-05-11T14:11:36","new_platform","44","new_2026-06-03","sub2"
"212.11918644017109756@2026-05-12T00:11:00","new_platform","45","new_2026-06-03","sub2"
"214.49929079549412149@2026-05-12T00:16:16","new_platform","46","new_2026-06-03","sub2"
"221.68662484349893219@2026-05-12T01:01:22","new_platform","47","new_2026-06-03","sub2"
"247.60088282348867098@2026-05-12T03:18:07","new_platform","48","new_2026-06-03","sub2"
"250.87079067323120258@2026-05-12T03:41:10","new_platform","49","new_2026-06-03","sub2"
"261.51459543312928080@2026-05-12T05:07:22","new_platform","50","new_2026-06-03","sub2"
"269.76120316536450741@2026-05-12T05:46:56","new_platform","51","new_2026-06-03","sub2"
"272.12547182885665438@2026-05-12T06:22:48","new_platform","52","new_2026-06-03","sub2"
"279.11918644017109756@2026-05-12T07:51:30","new_platform","53","new_2026-06-03","sub2"
"281.49929079549412149@2026-05-12T08:38:12","new_platform","54","new_2026-06-03","sub2"
"283.51459543312928080@2026-05-12T10:10:47","new_platform","55","new_2026-06-03","sub2"
"286.61927021859838008@2026-05-12T10:40:30","new_platform","56","new_2026-06-03","sub2"
"304.46347568370768680@2026-05-12T12:21:48","new_platform","57","new_2026-06-03","sub2"
"310.13706768540574565@2026-05-12T13:29:57","new_platform","58","new_2026-06-03","sub2"
"316.35845008557155119@2026-05-12T14:33:13","new_platform","59","new_2026-06-03","sub2"
"331.50591816898385506@2026-05-13T02:42:44","new_platform","60","new_2026-06-03","sub2"
"340.60071123261320534@2026-05-13T04:43:55","new_platform","61","new_2026-06-03","sub2"
"345.11918644017109756@2026-05-13T06:24:17","new_platform","62","new_2026-06-03","sub2"
"356.45943864805349614@2026-05-13T08:32:37","new_platform","63","new_2026-06-03","sub2"
"363.16618407890905040@2026-05-13T09:45:38","new_platform","64","new_2026-06-03","sub2"
"384.11918644017109756@2026-05-13T15:42:27","new_platform","65","new_2026-06-03","sub2"
"391.11918644017109756@2026-05-14T03:16:09","new_platform","66","new_2026-06-03","sub2"
"392.11918644017109756@2026-05-14T06:13:32","new_platform","67","new_2026-06-03","sub2"
"395.17124230288522107@2026-05-14T07:25:50","new_platform","68","new_2026-06-03","sub2"
"409.02047535081116153@2026-05-14T12:43:38","new_platform","69","new_2026-06-03","sub2"
"411.45943864805349614@2026-05-14T14:22:39","new_platform","70","new_2026-06-03","sub2"
"419.04456260811526363@2026-05-15T03:43:21","new_platform","71","new_2026-06-03","sub2"
"427.11918644017109756@2026-05-15T06:36:13","new_platform","72","new_2026-06-03","sub2"
"430.11918644017109756@2026-05-15T07:58:47","new_platform","73","new_2026-06-03","sub2"
"433.29018974769504751@2026-05-15T08:27:24","new_platform","74","new_2026-06-03","sub2"
"438.00646289732286897@2026-05-15T10:02:44","new_platform","75","new_2026-06-03","sub2"
"466.71529422405363265@2026-05-25T19:34:01","new_platform","76","new_2026-06-03","sub2"
"485.11918644017109756@2026-05-29T10:30:06","new_platform","77","new_2026-06-03","sub2"
"570d30d942a1db000fc4cf87","prolific","01","prior_2026-03-10","sub3"
"5730f0a7dd6617000ed945c9","prolific","02","prior_2026-03-10","sub3"
"5c7e7443cfd4e300169918f8","prolific","03","prior_2026-03-10","sub3"
"5ea90bb434d5e337e98c7edd","prolific","04","prior_2026-03-10","sub3"
"5ee92b925f0f482bb1e73668","prolific","05","prior_2026-03-10","sub3"
"5f75d01a857e4e27a575f7ca","prolific","06","prior_2026-03-10","sub3"
"6009606726f80266d809bf9a","prolific","07","prior_2026-03-10","sub3"
"60cee4ec871f36088fe20ff3","prolific","08","prior_2026-03-10","sub3"
"60f0b62b3c30ebff57116a24","prolific","09","prior_2026-03-10","sub3"
"6111d08247ef6871bf11ec6b","prolific","10","prior_2026-03-10","sub3"
"6112810f76d46087c3e2d208","prolific","11","prior_2026-03-10","sub3"
"631610af8e747093cd90e00d","prolific","12","prior_2026-03-10","sub3"
"651033d039c135459ac83d8f","prolific","13","prior_2026-03-10","sub3"
"6522721f904f87ec074bbec3","prolific","14","prior_2026-03-10","sub3"
"652d3d3c8e375878e83f43f3","prolific","15","prior_2026-03-10","sub3"
"659daa1ed4e13d6428103c1f","prolific","16","prior_2026-03-10","sub3"
"65eabcbd33cf1f693633dfba","prolific","17","prior_2026-03-10","sub3"
"65fddd28b6c2225134a7102b","prolific","18","prior_2026-03-10","sub3"
"66283d9da33f3d5231de7e21","prolific","19","prior_2026-03-10","sub3"
"664b44d8a11f1bcbba9e0494","prolific","20","prior_2026-03-10","sub3"
"664b85e7ff6eae55f19c060d","prolific","21","prior_2026-03-10","sub3"
"6668c9df1d76dc85e0f95d40","prolific","22","prior_2026-03-10","sub3"
"668b82c13307a88530a2d4fc","prolific","23","prior_2026-03-10","sub3"
"669533c82c03a4d6320159d3","prolific","24","prior_2026-03-10","sub3"
"66bb28d7c5549cce9b8c2d07","prolific","25","prior_2026-03-10","sub3"
"672268205351c30413c9837e","prolific","26","prior_2026-03-10","sub3"
"672a315f5ffd0405912274c1","prolific","27","prior_2026-03-10","sub3"
"6740834d80cb11ff26ffa77d","prolific","28","prior_2026-03-10","sub3"
"675c6db4887ccdd0d3d15534","prolific","29","prior_2026-03-10","sub3"
"67c535ec3af64efa48e9a601","prolific","30","prior_2026-03-10","sub3"
"6926c95802f66337764785d9","prolific","31","prior_2026-03-10","sub3"
"692e35caecdc86e21cb15fb7","prolific","32","prior_2026-03-10","sub3"
"137.49929079549412149@2026-05-11T05:50:47","new_platform","33","new_2026-06-03","sub3"
"138.29018974769504751@2026-05-11T05:53:26","new_platform","34","new_2026-06-03","sub3"
"141.45943864805349614@2026-05-11T06:49:10","new_platform","35","new_2026-06-03","sub3"
"158.85103303173084242@2026-05-11T08:17:41","new_platform","36","new_2026-06-03","sub3"
"164.73023386856543959@2026-05-11T09:21:08","new_platform","37","new_2026-06-03","sub3"
"165.82695694257871257@2026-05-11T09:23:30","new_platform","38","new_2026-06-03","sub3"
"172.10249283182171330@2026-05-11T10:40:05","new_platform","39","new_2026-06-03","sub3"
"177.89316109381330505@2026-05-11T10:57:34","new_platform","40","new_2026-06-03","sub3"
"186.03330017254990155@2026-05-11T11:39:05","new_platform","41","new_2026-06-03","sub3"
"198.15043413494793048@2026-05-11T17:12:02","new_platform","42","new_2026-06-03","sub3"
"199.11918644017109756@2026-05-11T22:36:48","new_platform","43","new_2026-06-03","sub3"
"215.14071689185296995@2026-05-12T00:22:30","new_platform","44","new_2026-06-03","sub3"
"222.05885575805101347@2026-05-12T01:01:58","new_platform","45","new_2026-06-03","sub3"
"249.40527515707986015@2026-05-12T03:38:45","new_platform","46","new_2026-06-03","sub3"
"253.03275961460962722@2026-05-12T03:59:31","new_platform","47","new_2026-06-03","sub3"
"284.02933150741997035@2026-05-12T10:10:51","new_platform","48","new_2026-06-03","sub3"
"288.43409044031330589@2026-05-12T11:46:54","new_platform","49","new_2026-06-03","sub3"
"302.53227139238365699@2026-05-12T12:13:58","new_platform","50","new_2026-06-03","sub3"
"307.27822589757981260@2026-05-12T12:25:24","new_platform","51","new_2026-06-03","sub3"
"311.21421582620563413@2026-05-12T13:46:35","new_platform","52","new_2026-06-03","sub3"
"321.11918644017109756@2026-05-12T23:46:55","new_platform","53","new_2026-06-03","sub3"
"322.51459543312928080@2026-05-12T23:59:01","new_platform","54","new_2026-06-03","sub3"
"324.51459543312928080@2026-05-13T01:39:32","new_platform","55","new_2026-06-03","sub3"
"326.49171000891437149@2026-05-13T02:16:41","new_platform","56","new_2026-06-03","sub3"
"330.50492165748031733@2026-05-13T02:37:37","new_platform","57","new_2026-06-03","sub3"
"344.11918644017109756@2026-05-13T05:39:00","new_platform","58","new_2026-06-03","sub3"
"352.45924218110032208@2026-05-13T07:08:23","new_platform","59","new_2026-06-03","sub3"
"366.00178577504433507@2026-05-13T10:10:58","new_platform","60","new_2026-06-03","sub3"
"372.47306010418065293@2026-05-13T10:35:29","new_platform","61","new_2026-06-03","sub3"
"375.78832840090462377@2026-05-13T11:12:49","new_platform","62","new_2026-06-03","sub3"
"378.49929079549412149@2026-05-13T12:19:47","new_platform","63","new_2026-06-03","sub3"
"382.17124230288522107@2026-05-13T13:24:20","new_platform","64","new_2026-06-03","sub3"
"390.59990845463904914@2026-05-14T02:03:26","new_platform","65","new_2026-06-03","sub3"
"399.45943864805349614@2026-05-14T10:15:10","new_platform","66","new_2026-06-03","sub3"
"407.88124156688090152@2026-05-14T12:05:58","new_platform","67","new_2026-06-03","sub3"
"420.26571515958316921@2026-05-15T03:49:05","new_platform","68","new_2026-06-03","sub3"
"426.33829521342151540@2026-05-15T05:20:03","new_platform","69","new_2026-06-03","sub3"
"429.49929079549412149@2026-05-15T07:40:07","new_platform","70","new_2026-06-03","sub3"
"434.00962238990014200@2026-05-15T09:00:45","new_platform","71","new_2026-06-03","sub3"
"449.11918644017109756@2026-05-21T06:09:45","new_platform","72","new_2026-06-03","sub3"
"458.00646289732286897@2026-05-24T05:21:14","new_platform","73","new_2026-06-03","sub3"
"474.11918644017109756@2026-05-27T07:27:19","new_platform","74","new_2026-06-03","sub3"
