uid,Cond,Stage,nObs,CircSDDeg,MeanAbsDeg,CentralMass,ShoulderMass,TailMass
AQ,S2C2NR,Observed,498,19.6708140488435,14.4,0.704819277108434,0.267068273092369,0.0281124497991968
AQ,S2C2NR,POP-only refit,498,19.2875809116623,14.2238090474038,0.712615171885332,0.271607447828685,0.0157773802859834
AQ,S2C2NR,POP in H0a,498,17.6726052766361,12.5642286509819,0.778106093799875,0.209333586692262,0.0125603195078628
AQ,S2C2NR,CDM fixed drift,498,8.22675844315966,6.11440365708025,0.975653628072384,0.0243463433407686,2.85868478196253e-08
AQ,S2C2NR,H0a POPCDM,498,19.4936023286074,14.3000595678493,0.712714125692599,0.271005475121869,0.0162803991855315
AQ,S4C2NR,Observed,498,18.6682742354901,13.3734939759036,0.732931726907631,0.238955823293173,0.0281124497991968
AQ,S4C2NR,POP-only refit,498,19.8248400156388,14.4659460649888,0.710657606998751,0.271250814772605,0.0180915782286444
AQ,S4C2NR,POP in H0a,498,18.1670550514381,12.7729498098573,0.776278319797334,0.209200612445264,0.0145210677574022
AQ,S4C2NR,CDM fixed drift,498,8.31853828615823,6.19238759326058,0.973950171488953,0.026049787086672,4.14243751649786e-08
AQ,S4C2NR,H0a POPCDM,498,19.9809901771725,14.5401873659059,0.709767338230846,0.271883553743577,0.0183491080255768
AQ,S4C2R,Observed,499,16.2761331439005,11.2112224448898,0.80561122244489,0.176352705410822,0.0180360721442886
AQ,S4C2R,POP-only refit,499,19.0759220429707,14.1300353976723,0.713373288119817,0.271745562948863,0.0148811489313198
AQ,S4C2R,POP in H0a,499,17.1143456539327,12.3348455605321,0.780114804615805,0.209479724457552,0.0104054709266429
AQ,S4C2R,CDM fixed drift,499,8.31853828615823,6.19238759326058,0.973950171488953,0.026049787086672,4.14243751649786e-08
AQ,S4C2R,H0a POPCDM,499,19.0288966149004,14.112108545248,0.713226510390354,0.272518262180634,0.0142552274290121
AQ,S4C4NR,Observed,500,30.922531719046,21.8016,0.588,0.304,0.108
AQ,S4C4NR,POP-only refit,500,36.1206158959147,24.25868203304,0.63148790273045,0.256827520926414,0.111684576343136
AQ,S4C4NR,POP in H0a,500,35.2744127684038,22.8114584443008,0.68837096433241,0.2028051749446,0.108823860722991
AQ,S4C4NR,CDM fixed drift,500,8.31853828615823,6.19238759326058,0.973950171488953,0.026049787086672,4.14243751649786e-08
AQ,S4C4NR,H0a POPCDM,500,36.2419960180729,24.3489781822814,0.630505542334707,0.257340151949235,0.112154305716058
AQ,S6C2NR,Observed,499,19.9754836695398,14.3567134268537,0.713426853707415,0.24248496993988,0.0440881763527054
AQ,S6C2NR,POP-only refit,499,20.6252493093106,14.8375059121465,0.70765371888072,0.270703560473654,0.021642720645626
AQ,S6C2NR,POP in H0a,499,19.2826070289556,13.262786061236,0.771988817139359,0.208888542470994,0.0191226403896465
AQ,S6C2NR,CDM fixed drift,499,8.4211839948301,6.27943474163661,0.971976742324062,0.0280231959068135,6.17691244843096e-08
AQ,S6C2NR,H0a POPCDM,499,21.0412754772118,15.059260754182,0.704451450050744,0.272487580650491,0.0230609692987653
AQ,S6C2R,Observed,500,16.971195858465,11.1456,0.824,0.154,0.022
AQ,S6C2R,POP-only refit,500,19.1688042779119,14.1710729411048,0.713041518715633,0.27168512054037,0.0152733607439974
AQ,S6C2R,POP in H0a,500,17.1925384889864,12.3665712060325,0.779836982710389,0.209459512353309,0.0107035049363025
AQ,S6C2R,CDM fixed drift,500,8.4211839948301,6.27943474163661,0.971976742324062,0.0280231959068135,6.17691244843096e-08
AQ,S6C2R,H0a POPCDM,500,19.1441823949226,14.184026948774,0.711510845889861,0.273801324473472,0.0146878296366661
AQ,S6C4NR,Observed,498,37.2478255595734,26.2409638554217,0.556224899598394,0.303212851405622,0.140562248995984
AQ,S6C4NR,POP-only refit,498,41.907452602222,28.6279329465561,0.596164546333871,0.250392241754283,0.153443211911846
AQ,S6C4NR,POP in H0a,498,41.0928828716383,27.2081214674001,0.649869326957217,0.200004103132076,0.150126569910707
AQ,S6C4NR,CDM fixed drift,498,8.4211839948301,6.27943474163661,0.971976742324062,0.0280231959068135,6.17691244843096e-08
AQ,S6C4NR,H0a POPCDM,498,41.946887400342,28.6781255881696,0.594605421311332,0.252045386300683,0.153349192387985
AQ,S6C4R,Observed,499,23.7517220037649,14.8040080160321,0.767535070140281,0.17434869739479,0.0581162324649299
AQ,S6C4R,POP-only refit,499,26.2304554574484,17.784794589591,0.683826264148165,0.26636262748179,0.0498111083700449
AQ,S6C4R,POP in H0a,499,24.9085282383233,16.1142175562637,0.747018793090446,0.20707192283376,0.0459092840757939
AQ,S6C4R,CDM fixed drift,499,8.4211839948301,6.27943474163661,0.971976742324062,0.0280231959068135,6.17691244843096e-08
AQ,S6C4R,H0a POPCDM,499,26.293556603741,17.843938137918,0.681991005979042,0.268307723006425,0.0497012710145332
AQ,S6C6NR,Observed,497,51.3031712730076,37.2893360160966,0.440643863179074,0.283702213279678,0.275653923541248
AQ,S6C6NR,POP-only refit,497,58.3762608073942,42.2772199054826,0.485816425488289,0.230288802098414,0.283894772413297
AQ,S6C6NR,POP in H0a,497,57.2696093714581,40.7221499073079,0.531526797694061,0.191394445321645,0.277078756984295
AQ,S6C6NR,CDM fixed drift,497,8.4211839948301,6.27943474163661,0.971976742324062,0.0280231959068135,6.17691244843096e-08
AQ,S6C6NR,H0a POPCDM,497,57.8854428801765,41.8757806696255,0.488156754917896,0.232235436394758,0.279607808687346
ES,S2C2NR,Observed,498,15.9219075542653,11.4795180722891,0.785140562248996,0.204819277108434,0.0100401606425703
ES,S2C2NR,POP-only refit,498,17.3473921525397,12.555833695902,0.771489958100605,0.217786561498997,0.0107234804003978
ES,S2C2NR,POP in H0a,498,14.1035390160841,9.16105638182482,0.907051377186874,0.0831530172640172,0.00979560554910847
ES,S2C2NR,CDM fixed drift,498,10.093299766612,7.60995936631061,0.931312489274331,0.0685997541736917,8.77565519767485e-05
ES,S2C2NR,H0a POPCDM,498,17.3431402276777,12.4215875415365,0.77974452805663,0.208908780657035,0.0113466912863344
ES,S4C2NR,Observed,499,18.4283665946521,12.6973947895792,0.771543086172345,0.19438877755511,0.0340681362725451
ES,S4C2NR,POP-only refit,499,21.464057188219,14.4176862842777,0.755346517268035,0.216397301800884,0.0282561809310808
ES,S4C2NR,POP in H0a,499,18.455343685685,10.8869201626123,0.889821306149574,0.0847936550337693,0.025385038816657
ES,S4C2NR,CDM fixed drift,499,11.1086839199464,8.3953880134253,0.903861768227202,0.0957139971476822,0.000424234625115535
ES,S4C2NR,H0a POPCDM,499,21.5407188596395,14.6154828884316,0.745190698055139,0.226642311394011,0.0281669905508494
ES,S4C2R,Observed,497,17.6171663493702,11.9951710261569,0.786720321931589,0.187122736418511,0.0261569416498994
ES,S4C2R,POP-only refit,497,19.9534440213438,13.6939955870424,0.761621373840914,0.216937298536311,0.0214413276227755
ES,S4C2R,POP in H0a,497,16.1121588907492,9.90488008534658,0.899625452039375,0.0838601097214983,0.0165144382391265
ES,S4C2R,CDM fixed drift,497,11.1086839199464,8.3953880134253,0.903861768227202,0.0957139971476822,0.000424234625115535
ES,S4C2R,H0a POPCDM,497,19.5705013362975,13.6797259041118,0.753199526990526,0.227469550338128,0.0193309226713458
ES,S4C4NR,Observed,499,28.5051595094217,19.1038076152305,0.657314629258517,0.264529058116232,0.0781563126252505
ES,S4C4NR,POP-only refit,499,32.2331377574806,20.7898975505822,0.700095410820362,0.211642544976736,0.088262044202902
ES,S4C4NR,POP in H0a,499,29.3124081466813,16.8956225691752,0.829833739077602,0.0905056377667917,0.0796606231556062
ES,S4C4NR,CDM fixed drift,499,11.1086839199464,8.3953880134253,0.903861768227202,0.0957139971476822,0.000424234625115535
ES,S4C4NR,H0a POPCDM,499,31.3467722387952,20.3409979400122,0.69618794265661,0.221580773938066,0.0822312834053242
ES,S6C2NR,Observed,500,16.8810294660703,11.3328,0.814,0.158,0.028
ES,S6C2NR,POP-only refit,500,19.1470071709802,13.3266465748935,0.764806522374989,0.217211403576047,0.0179820740489644
ES,S6C2NR,POP in H0a,500,15.1718590943156,9.54521943351366,0.903216105397646,0.0835182097081488,0.013265684894205
ES,S6C2NR,CDM fixed drift,500,12.0728914137566,9.10496447890832,0.878442322742377,0.120371712890275,0.00118596436734849
ES,S6C2NR,H0a POPCDM,500,19.3891726349043,13.8572191253626,0.737932104437019,0.244158413210073,0.0179094823529081
ES,S6C2R,Observed,500,14.8120462104852,10.728,0.826,0.168,0.006
ES,S6C2R,POP-only refit,500,17.347392152544,12.5558336959038,0.77148995810059,0.217786561498996,0.0107234804004146
ES,S6C2R,POP in H0a,500,13.8948852344816,9.08909517339105,0.907769798157896,0.0830846096192032,0.00914559222290108
ES,S6C2R,CDM fixed drift,500,12.0728914137566,9.10496447890832,0.878442322742377,0.120371712890275,0.00118596436734849
ES,S6C2R,H0a POPCDM,500,18.4071329317678,13.4255409908182,0.741548748558053,0.24463553456555,0.0138157168763972
ES,S6C4NR,Observed,498,29.7302748249543,19.8506024096386,0.668674698795181,0.238955823293173,0.0923694779116466
ES,S6C4NR,POP-only refit,498,33.6491951324434,21.7663749161387,0.691628733773198,0.210913926256566,0.0974573399702367
ES,S6C4NR,POP in H0a,498,29.4989833766097,17.0176958754967,0.828615026591082,0.0906216828911284,0.0807632905177896
ES,S6C4NR,CDM fixed drift,498,12.0728914137566,9.10496447890832,0.878442322742377,0.120371712890275,0.00118596436734849
ES,S6C4NR,H0a POPCDM,498,31.8738878604705,20.92920580293,0.6786822675917,0.236341950898212,0.0849757815100879
ES,S6C4R,Observed,498,39.7877215441092,26.9349397590361,0.594377510040161,0.228915662650602,0.176706827309237
ES,S6C4R,POP-only refit,498,46.2104388857512,31.4341899739534,0.607802655736473,0.203700086711756,0.188497257551771
ES,S6C4R,POP in H0a,498,42.4018232568652,26.6346953570885,0.732604213873347,0.0997637790153,0.167632007111353
ES,S6C4R,CDM fixed drift,498,12.0728914137566,9.10496447890832,0.878442322742377,0.120371712890275,0.00118596436734849
ES,S6C4R,H0a POPCDM,498,44.0870652526882,30.0307791220347,0.602428343654989,0.226282245178873,0.171289411166138
ES,S6C6NR,Observed,499,56.2439135131541,40.6316633266533,0.48496993987976,0.214428857715431,0.30060120240481
ES,S6C6NR,POP-only refit,499,61.7669502457207,44.654529234861,0.493173943464921,0.193835457983774,0.312990598551305
ES,S6C6NR,POP in H0a,499,59.1261650308042,41.0745365243907,0.588444812737744,0.113490556917486,0.29806463034477
ES,S6C6NR,CDM fixed drift,499,12.0728914137566,9.10496447890832,0.878442322742377,0.120371712890275,0.00118596436734849
ES,S6C6NR,H0a POPCDM,499,60.3461523076513,43.6967123844821,0.487933739372512,0.211177684441909,0.300888576185579
HC,S2C2NR,Observed,499,19.0501787414799,13.7795591182365,0.725450901803607,0.240480961923848,0.0340681362725451
HC,S2C2NR,POP-only refit,499,20.7534481452317,15.6107802175578,0.663719315539641,0.314118406332482,0.0221622781278765
HC,S2C2NR,POP in H0a,499,20.65875341953,14.8729054200707,0.70632038475787,0.271922104275966,0.0217575109661636
HC,S2C2NR,CDM fixed drift,499,8.02069179650869,5.90248498207402,0.977873965922936,0.0221250402063016,9.93870762610783e-07
HC,S2C2NR,H0a POPCDM,499,22.1611278987222,16.3122371075607,0.657106420715278,0.314737537119635,0.0281560421650877
HC,S4C2NR,Observed,499,25.8064059083895,18.786372745491,0.649298597194389,0.272545090180361,0.0781563126252505
HC,S4C2NR,POP-only refit,499,27.9347313610373,19.4686515856947,0.634484479988921,0.306125729586687,0.0593897904243923
HC,S4C2NR,POP in H0a,499,23.7348536774448,16.419347300324,0.693839678015733,0.269618261296996,0.0365420606872712
HC,S4C2NR,CDM fixed drift,499,8.31460040299149,6.14596595314727,0.972524589006458,0.0274726678561051,2.74313743704225e-06
HC,S4C2NR,H0a POPCDM,499,25.1490727254732,17.9277558522857,0.642466465100076,0.314144852520611,0.0433886823793132
HC,S4C2R,Observed,500,19.0581493973773,13.6224,0.74,0.232,0.028
HC,S4C2R,POP-only refit,500,20.7534481452309,15.6107802175574,0.663719315539644,0.314118406332483,0.0221622781278727
HC,S4C2R,POP in H0a,500,20.5548185434019,14.8238751177975,0.706716088490395,0.271995148157596,0.0212887633520086
HC,S4C2R,CDM fixed drift,500,8.31460040299149,6.14596595314727,0.972524589006458,0.0274726678561051,2.74313743704225e-06
HC,S4C2R,H0a POPCDM,500,22.1728019251877,16.3649909616388,0.654228934217511,0.31748722331039,0.0282838424720993
HC,S4C4NR,Observed,499,28.2527657389097,20.0849699398797,0.623246492985972,0.292585170340681,0.0841683366733467
HC,S4C4NR,POP-only refit,499,29.1028939271522,20.1807989230444,0.6290878484508,0.304650314022076,0.0662618375271235
HC,S4C4NR,POP in H0a,499,24.0745260996318,16.6011183802306,0.692372677172388,0.269347464164837,0.0382798586627748
HC,S4C4NR,CDM fixed drift,499,8.31460040299149,6.14596595314727,0.972524589006458,0.0274726678561051,2.74313743704225e-06
HC,S4C4NR,H0a POPCDM,499,25.4698917701525,18.1058006122784,0.641126374851396,0.313764058449388,0.0451095666992157
HC,S6C2NR,Observed,500,27.0576328794911,18.7776,0.638,0.29,0.072
HC,S6C2NR,POP-only refit,500,27.405348177742,19.1532338359814,0.636874706402068,0.306779207080563,0.0563460865173691
HC,S6C2NR,POP in H0a,500,23.4339148494508,16.2600931726538,0.695124953647689,0.269855513345449,0.0350195330068611
HC,S6C2NR,CDM fixed drift,500,8.66668375353703,6.43455119183854,0.965439358259762,0.0345530404557503,7.60128448806915e-06
HC,S6C2NR,H0a POPCDM,500,24.9851910630104,17.8936947618374,0.63976447473341,0.317607757277634,0.0426277679889562
HC,S6C2R,Observed,500,17.1769344302765,12.456,0.794,0.184,0.022
HC,S6C2R,POP-only refit,500,20.7534481452302,15.6107802175571,0.663719315539647,0.314118406332484,0.0221622781278693
HC,S6C2R,POP in H0a,500,20.3833254774592,14.7434463148067,0.707365196818725,0.272114968588899,0.0205198345923758
HC,S6C2R,CDM fixed drift,500,8.66668375353703,6.43455119183854,0.965439358259762,0.0345530404557503,7.60128448806915e-06
HC,S6C2R,H0a POPCDM,500,22.1492971627513,16.410647034011,0.650866090260246,0.320849357655665,0.0282845520840891
HC,S6C4NR,Observed,500,33.4079637919472,23.3568,0.576,0.298,0.126
HC,S6C4NR,POP-only refit,500,36.4783621710602,25.1395212169558,0.591510797022514,0.294376911778875,0.114112291198611
HC,S6C4NR,POP in H0a,500,35.2993000651276,23.6859775833695,0.635193645000018,0.258792652283078,0.106013702716904
HC,S6C4NR,CDM fixed drift,500,8.66668375353703,6.43455119183854,0.965439358259762,0.0345530404557503,7.60128448806915e-06
HC,S6C4NR,H0a POPCDM,500,36.3476545649337,25.1550693827205,0.585408173365064,0.301736066654046,0.11285575998089
HC,S6C4R,Observed,498,20.9174683280544,15.0795180722891,0.72289156626506,0.240963855421687,0.036144578313253
HC,S6C4R,POP-only refit,498,21.8897454423073,16.1577644918243,0.659574284826828,0.312985172983814,0.0274405421893584
HC,S6C4R,POP in H0a,498,20.8600066495442,14.968455761317,0.705549236612289,0.271779756228083,0.0226710071596282
HC,S6C4R,CDM fixed drift,498,8.66668375353703,6.43455119183854,0.965439358259762,0.0345530404557503,7.60128448806915e-06
HC,S6C4R,H0a POPCDM,498,22.5887424329654,16.6306717198237,0.649219056639902,0.320368434424858,0.0304125089352402
HC,S6C6NR,Observed,500,39.6301092488149,27.504,0.576,0.26,0.164
HC,S6C6NR,POP-only refit,500,42.8001810564029,29.9063785245893,0.555387692806699,0.284501012372813,0.160111294820488
HC,S6C6NR,POP in H0a,500,41.1939330929154,28.0872926299675,0.599672411982617,0.252235704428897,0.148091883588486
HC,S6C6NR,CDM fixed drift,500,8.66668375353703,6.43455119183854,0.965439358259762,0.0345530404557503,7.60128448806915e-06
HC,S6C6NR,H0a POPCDM,500,42.0957424325479,29.4588796240649,0.553191242174392,0.292328929821194,0.154479828004415
PG,S2C2NR,Observed,499,17.0385786368494,12.3799599198397,0.783567134268537,0.190380761523046,0.0260521042084168
PG,S2C2NR,POP-only refit,499,19.0568379743342,13.0680026813095,0.778645716498065,0.202741425683397,0.0186128578185376
PG,S2C2NR,POP in H0a,499,17.6422318899993,11.6123594596102,0.835012725091124,0.147851172771716,0.0171361021371605
PG,S2C2NR,CDM fixed drift,499,6.93029309068744,4.96879601592732,0.99221383361327,0.00778615831604954,8.07068062404465e-09
PG,S2C2NR,H0a POPCDM,499,18.9546117972207,13.0360948631635,0.778294500455978,0.203652560159194,0.0180529393848288
PG,S4C2NR,Observed,499,19.9236922138255,13.8228456913828,0.783567134268537,0.182364729458918,0.0340681362725451
PG,S4C2NR,POP-only refit,499,22.7954445547434,14.8797430759191,0.762663681700307,0.201734869632174,0.0356014486675187
PG,S4C2NR,POP in H0a,499,19.3615046549625,12.3682523839196,0.827924988882411,0.147968324053183,0.0241066870644062
PG,S4C2NR,CDM fixed drift,499,6.99383737946818,5.0237986022537,0.991594618894345,0.00840536990755747,1.11980974848072e-08
PG,S4C2NR,H0a POPCDM,499,20.5859569560072,13.8023674228458,0.770807768582896,0.204149414300241,0.0250428171168637
PG,S4C2R,Observed,499,15.9812469523875,10.7206412825651,0.831663326653307,0.152304609218437,0.0160320641282565
PG,S4C2R,POP-only refit,499,18.0470601358252,12.6277349437659,0.782529481701229,0.202986027038372,0.0144844912603995
PG,S4C2R,POP in H0a,499,16.6788313315294,11.2165975543574,0.838723642200782,0.147789836022997,0.0134865217762201
PG,S4C2R,CDM fixed drift,499,6.99383737946818,5.0237986022537,0.991594618894345,0.00840536990755747,1.11980974848072e-08
PG,S4C2R,H0a POPCDM,499,18.0858280395467,12.6719874655034,0.780759096874728,0.204804363953734,0.0144365391715382
PG,S4C4NR,Observed,500,43.5792756784302,29.9376,0.574,0.246,0.18
PG,S4C4NR,POP-only refit,500,47.1683956936299,32.0622246604735,0.611090631050655,0.192188727775746,0.196720641173599
PG,S4C4NR,POP in H0a,500,46.3084374357846,30.7094203699072,0.655946450304142,0.150810910964724,0.193242638731133
PG,S4C4NR,CDM fixed drift,500,6.99383737946818,5.0237986022537,0.991594618894345,0.00840536990755747,1.11980974848072e-08
PG,S4C4NR,H0a POPCDM,500,46.8335898585024,31.8047133978921,0.612323664492781,0.193718735498983,0.193957600008237
PG,S6C2NR,Observed,499,19.5058410696221,13.6929859719439,0.765531062124249,0.200400801603206,0.0340681362725451
PG,S6C2NR,POP-only refit,499,21.5856440516513,14.2629059395462,0.768105031138335,0.202077568373165,0.0298174004885001
PG,S6C2NR,POP in H0a,499,18.2457179338618,11.8705094475091,0.832592145459185,0.147891181880044,0.0195166726607706
PG,S6C2NR,CDM fixed drift,499,7.1635881068514,5.17006678862963,0.98979868179766,0.0102012931355016,2.50668390864533e-08
PG,S6C2NR,H0a POPCDM,499,19.6016126246457,13.3794146901764,0.772539717627239,0.206921934920833,0.0205383474519282
PG,S6C2R,Observed,499,16.619797058548,11.1390781563126,0.829659318637274,0.152304609218437,0.0180360721442886
PG,S6C2R,POP-only refit,499,18.3785654698899,12.7699050476725,0.781275346420812,0.202907041009901,0.0158176125692873
PG,S6C2R,POP in H0a,499,17.4242871296991,11.5210608400343,0.835868799425151,0.147837022949783,0.0162941776250667
PG,S6C2R,CDM fixed drift,499,7.1635881068514,5.17006678862963,0.98979868179766,0.0102012931355016,2.50668390864533e-08
PG,S6C2R,H0a POPCDM,499,18.8393942721846,13.0367149406826,0.775547775994628,0.207131801959542,0.0173204220458294
PG,S6C4NR,Observed,499,52.2453490717339,37.1254509018036,0.523046092184369,0.20440881763527,0.272545090180361
PG,S6C4NR,POP-only refit,499,57.2920148268072,40.6814398825939,0.535057332892077,0.187400114978663,0.27754255212926
PG,S6C4NR,POP in H0a,499,56.3087573884653,39.2886116533974,0.575502457847104,0.152140548034331,0.272356994118565
PG,S6C4NR,CDM fixed drift,499,7.1635881068514,5.17006678862963,0.98979868179766,0.0102012931355016,2.50668390864533e-08
PG,S6C4NR,H0a POPCDM,499,56.7626034744502,40.2679944600435,0.536524320815784,0.190455548179285,0.27302013100493
PG,S6C4R,Observed,499,32.7461598011804,20.2869739478958,0.711422845691383,0.176352705410822,0.112224448897796
PG,S6C4R,POP-only refit,499,35.5485233635013,22.9282701688613,0.691664635450186,0.197263316382637,0.111072048167177
PG,S6C4R,POP in H0a,499,34.8405476300917,21.680851932768,0.740604090780438,0.149411627642693,0.109984281576869
PG,S6C4R,CDM fixed drift,499,7.1635881068514,5.17006678862963,0.98979868179766,0.0102012931355016,2.50668390864533e-08
PG,S6C4R,H0a POPCDM,499,35.5693794397556,23.0002912374944,0.688092156044461,0.201030174352714,0.110877669602825
PG,S6C6NR,Observed,499,68.5823825433791,51.3811623246493,0.37875751503006,0.224448897795591,0.396793587174349
PG,S6C6NR,POP-only refit,499,76.0769203055057,56.326270493099,0.397048472480264,0.178708252188487,0.424243275331249
PG,S6C6NR,POP in H0a,499,75.2222171870719,55.2822443385203,0.425535913849118,0.154619304620251,0.419844781530631
PG,S6C6NR,CDM fixed drift,499,7.1635881068514,5.17006678862963,0.98979868179766,0.0102012931355016,2.50668390864533e-08
PG,S6C6NR,H0a POPCDM,499,75.5625499378074,55.9527440840173,0.398850913068939,0.180850312221745,0.420298774709315
YL,S2C2NR,Observed,500,18.7123000135228,13.6944,0.754,0.214,0.032
YL,S2C2NR,POP-only refit,500,20.0076778647861,14.9573088768693,0.685001516461497,0.296488012630156,0.0185104709083471
YL,S2C2NR,POP in H0a,500,19.1451836499407,13.8195365953903,0.734208218537297,0.249735847055846,0.0160559344068561
YL,S2C2NR,CDM fixed drift,500,7.60420204624296,5.57848112274432,0.985495173263535,0.0145048241660089,2.57045650049581e-09
YL,S2C2NR,H0a POPCDM,500,20.6000472268886,15.1939031798327,0.684979030114467,0.29437024253022,0.0206507273553122
YL,S4C2NR,Observed,500,27.2436888716082,19.224,0.618,0.3,0.082
YL,S4C2NR,POP-only refit,500,30.059254626049,20.4943834956765,0.641836792485277,0.28641715430678,0.0717460532079424
YL,S4C2NR,POP in H0a,500,29.2902945274263,19.3129004985173,0.688475541429843,0.24326500609476,0.0682594524753971
YL,S4C2NR,CDM fixed drift,500,7.79440695785518,5.74193470404365,0.982743251052812,0.0172567422445274,6.70266010780571e-09
YL,S4C2NR,H0a POPCDM,500,30.3096376310909,20.6492088453082,0.640709069234686,0.286497863611414,0.0727930671538991
YL,S4C2R,Observed,500,14.1695244631186,10.2816,0.814,0.186,0
YL,S4C2R,POP-only refit,500,20.0076778647861,14.9573088768693,0.685001516461497,0.296488012630156,0.0185104709083471
YL,S4C2R,POP in H0a,500,18.3488673632827,13.4723170492241,0.737098847971327,0.250144850082306,0.0127563019463667
YL,S4C2R,CDM fixed drift,500,7.79440695785518,5.74193470404365,0.982743251052812,0.0172567422445274,6.70266010780571e-09
YL,S4C2R,H0a POPCDM,500,19.93573959852,14.9190390424719,0.685385629214186,0.296949860281108,0.0176645105047063
YL,S4C4NR,Observed,500,35.2016814937872,25.4016,0.554,0.308,0.138
YL,S4C4NR,POP-only refit,500,39.3305530948514,26.981883476526,0.591262948849876,0.27461765769929,0.134119393450834
YL,S4C4NR,POP in H0a,500,38.9027028967981,26.0293176363799,0.632560852051628,0.235353484503648,0.132085663444724
YL,S4C4NR,CDM fixed drift,500,7.79440695785518,5.74193470404365,0.982743251052812,0.0172567422445274,6.70266010780571e-09
YL,S4C4NR,H0a POPCDM,500,39.6758499909102,27.238655088267,0.58933296687913,0.274478521679795,0.136188511441075
YL,S6C2NR,Observed,500,29.5807720244636,20.7504,0.608,0.284,0.108
YL,S6C2NR,POP-only refit,500,33.9872435373237,23.1072452949089,0.62146801183551,0.281664868522288,0.096867119642202
YL,S6C2NR,POP in H0a,500,33.0681476929912,21.8042637836253,0.667734750416462,0.240330335121106,0.0919349144624319
YL,S6C2NR,CDM fixed drift,500,8.07430175868084,5.98101569654716,0.978207540537548,0.0217924352326268,2.42298247343984e-08
YL,S6C2NR,H0a POPCDM,500,34.0396348502112,23.182215563632,0.618635505261778,0.284650847906694,0.0967136468315282
YL,S6C2R,Observed,500,13.997199954526,10.08,0.83,0.162,0.008
YL,S6C2R,POP-only refit,500,20.0076778647861,14.9573088768693,0.685001516461497,0.296488012630156,0.0185104709083471
YL,S6C2R,POP in H0a,500,18.3796412678635,13.485490265409,0.73698917993315,0.250129332853085,0.0128814872137645
YL,S6C2R,CDM fixed drift,500,8.07430175868084,5.98101569654716,0.978207540537548,0.0217924352326268,2.42298247343984e-08
YL,S6C2R,H0a POPCDM,500,20.0749984315214,15.0315298088578,0.681900623378392,0.299856229212343,0.0182431474092655
YL,S6C4NR,Observed,499,52.2336172413451,39.7226452905811,0.376753507014028,0.342685370741483,0.280561122244489
YL,S6C4NR,POP-only refit,499,61.2021538817431,44.9161474092064,0.451454908383629,0.24199873098543,0.306546360630941
YL,S6C4NR,POP in H0a,499,60.0646275702052,43.5006288031957,0.487110842489905,0.214773366758714,0.298115790751381
YL,S6C4NR,CDM fixed drift,499,8.07430175868084,5.98101569654716,0.978207540537548,0.0217924352326268,2.42298247343984e-08
YL,S6C4NR,H0a POPCDM,499,60.6048994227174,44.440187415871,0.453632444094341,0.244993378888371,0.301374177017287
YL,S6C4R,Observed,499,25.9571408842068,17.6320641282565,0.685370741482966,0.230460921843687,0.0841683366733467
YL,S6C4R,POP-only refit,499,28.3769034583159,19.4458110097971,0.650011026180505,0.288324303058436,0.0616646707610596
YL,S6C4R,POP in H0a,499,27.4014838187857,18.150596494661,0.69815181167999,0.244634127909739,0.0572140604102709
YL,S6C4R,CDM fixed drift,499,8.07430175868084,5.98101569654716,0.978207540537548,0.0217924352326268,2.42298247343984e-08
YL,S6C4R,H0a POPCDM,499,28.5663379585381,19.6023736723202,0.646422016348895,0.291329164628627,0.0622488190224784
YL,S6C6NR,Observed,499,63.6980235305775,48.423246492986,0.346693386773547,0.284569138276553,0.3687374749499
YL,S6C6NR,POP-only refit,499,71.0156991533454,53.0006756045297,0.388431298977355,0.227294551672063,0.384274149350582
YL,S6C6NR,POP in H0a,499,70.1235846984581,51.9088582809603,0.417111685227976,0.204868995471029,0.378019319300995
YL,S6C6NR,CDM fixed drift,499,8.07430175868084,5.98101569654716,0.978207540537548,0.0217924352326268,2.42298247343984e-08
YL,S6C6NR,H0a POPCDM,499,70.5869072835186,52.678521597853,0.389687004313161,0.229624486462722,0.380688509224117
