uid,Cond,ResponseRegion,LatentPOPRegion,JointMass,ResponseMass,PosteriorGivenResponse
AQ,S2C2NR,Central,Central,0.665905066803733,0.712714125692599,0.934322813030572
AQ,S2C2NR,Central,Shoulder,0.0468089910235331,0.712714125692599,0.0656770917484556
AQ,S2C2NR,Central,Tail,6.7865332461222e-08,0.712714125692599,9.52209729185206e-08
AQ,S2C2NR,Shoulder,Central,0.11219200850249,0.271005475121869,0.413984287409832
AQ,S2C2NR,Shoulder,Shoulder,0.158137310354051,0.271005475121869,0.583520721428002
AQ,S2C2NR,Shoulder,Tail,0.000676156265327595,0.271005475121869,0.00249499116216576
AQ,S2C2NR,Tail,Central,9.01849365157307e-06,0.0162803991855314,0.000553947943708155
AQ,S2C2NR,Tail,Shoulder,0.00438728531467717,0.0162803991855314,0.269482662229572
AQ,S2C2NR,Tail,Tail,0.0118840953772027,0.0162803991855314,0.72996338982672
AQ,S4C2NR,Central,Central,0.662636299006976,0.709767338230846,0.933596494674792
AQ,S4C2NR,Central,Shoulder,0.0471309521883824,0.709767338230846,0.0664033826998298
AQ,S4C2NR,Central,Tail,8.70354883679912e-08,0.709767338230846,1.2262537831754e-07
AQ,S4C2NR,Shoulder,Central,0.113631080226599,0.271883553743577,0.417940249279545
AQ,S4C2NR,Shoulder,Shoulder,0.157525564195285,0.271883553743577,0.579386145378447
AQ,S4C2NR,Shoulder,Tail,0.000726909321693124,0.271883553743577,0.00267360534200865
AQ,S4C2NR,Tail,Central,1.09405637602826e-05,0.0183491080255768,0.000596244991583927
AQ,S4C2NR,Tail,Shoulder,0.00454409606159587,0.0183491080255768,0.247646700605929
AQ,S4C2NR,Tail,Tail,0.0137940714002207,0.0183491080255768,0.751757054402488
AQ,S4C2R,Central,Central,0.66592568007972,0.713226510390354,0.933680493333393
AQ,S4C2R,Central,Shoulder,0.0473007531276537,0.713226510390354,0.0663193984499617
AQ,S4C2R,Central,Tail,7.71829802724966e-08,0.713226510390354,1.08216645270594e-07
AQ,S4C2R,Shoulder,Central,0.114178132253442,0.272518262180633,0.418974241725355
AQ,S4C2R,Shoulder,Shoulder,0.157706667185177,0.272518262180633,0.578701280138959
AQ,S4C2R,Shoulder,Tail,0.000633462742014058,0.272518262180633,0.00232447813568611
AQ,S4C2R,Tail,Central,1.09922826425794e-05,0.014255227429012,0.000771105385537943
AQ,S4C2R,Tail,Shoulder,0.00447230414472085,0.014255227429012,0.313730816782262
AQ,S4C2R,Tail,Tail,0.0097719310016486,0.014255227429012,0.6854980778322
AQ,S4C4NR,Central,Central,0.58726501385833,0.630505542334707,0.931419272991224
AQ,S4C4NR,Central,Shoulder,0.0432402156852884,0.630505542334707,0.068580230913076
AQ,S4C4NR,Central,Tail,3.12791088182123e-07,0.630505542334707,4.96095699688673e-07
AQ,S4C4NR,Shoulder,Central,0.101096194971745,0.257340151949234,0.392850451847438
AQ,S4C4NR,Shoulder,Shoulder,0.153375857976828,0.257340151949234,0.596004381030615
AQ,S4C4NR,Shoulder,Tail,0.00286809900066162,0.257340151949234,0.0111451671219477
AQ,S4C4NR,Tail,Central,9.7555023341514e-06,0.112154305716058,8.69828605497275e-05
AQ,S4C4NR,Tail,Shoulder,0.00618910128248326,0.112154305716058,0.055183804517967
AQ,S4C4NR,Tail,Tail,0.105955448931241,0.112154305716058,0.944729212621483
AQ,S6C2NR,Central,Central,0.6570677555327,0.704451450050744,0.932736749261242
AQ,S6C2NR,Central,Shoulder,0.047383573695562,0.704451450050744,0.0672630792258981
AQ,S6C2NR,Central,Tail,1.20822482759868e-07,0.704451450050744,1.71512859759413e-07
AQ,S6C2NR,Shoulder,Central,0.114907621485956,0.272487580650491,0.421698564065361
AQ,S6C2NR,Shoulder,Shoulder,0.156739554865456,0.272487580650491,0.575217242897025
AQ,S6C2NR,Shoulder,Tail,0.000840404299078634,0.272487580650491,0.00308419303761439
AQ,S6C2NR,Tail,Central,1.34401207040919e-05,0.0230609692987653,0.000582808143489938
AQ,S6C2NR,Tail,Shoulder,0.00476541390997617,0.0230609692987653,0.2066441287978
AQ,S6C2NR,Tail,Tail,0.0182821152680851,0.0230609692987653,0.79277306305871
AQ,S6C2R,Central,Central,0.663777471413284,0.711510845889861,0.932912653753186
AQ,S6C2R,Central,Shoulder,0.0477332785193293,0.711510845889861,0.0670872113827457
AQ,S6C2R,Central,Tail,9.59572475822032e-08,0.711510845889861,1.34864068673743e-07
AQ,S6C2R,Shoulder,Central,0.116045940485389,0.273801324473472,0.423832648394046
AQ,S6C2R,Shoulder,Shoulder,0.157108853861608,0.273801324473472,0.573806040433635
AQ,S6C2R,Shoulder,Tail,0.000646530126475084,0.273801324473472,0.00236131117231949
AQ,S6C2R,Tail,Central,1.35708117148885e-05,0.0146878296366661,0.000923949422793611
AQ,S6C2R,Tail,Shoulder,0.00461737997237138,0.0146878296366661,0.314367751164865
AQ,S6C2R,Tail,Tail,0.0100568788525798,0.0146878296366661,0.684708299412341
AQ,S6C4NR,Central,Central,0.552662837569606,0.594605421311332,0.929461484476163
AQ,S6C4NR,Central,Shoulder,0.0419420760097408,0.594605421311332,0.0705376616264993
AQ,S6C4NR,Central,Tail,5.0773198609202e-07,0.594605421311332,8.53897337451577e-07
AQ,S6C4NR,Shoulder,Central,0.0971950828529052,0.252045386300682,0.385625320421277
AQ,S6C4NR,Shoulder,Shoulder,0.150993166779388,0.252045386300682,0.599071337886972
AQ,S6C4NR,Shoulder,Tail,0.00385713666838877,0.252045386300682,0.0153033416917512
AQ,S6C4NR,Tail,Central,1.1406534706774e-05,0.153349192387985,7.4382750434802e-05
AQ,S6C4NR,Tail,Shoulder,0.00706886034294695,0.153349192387985,0.0460964954093933
AQ,S6C4NR,Tail,Tail,0.146268925510332,0.153349192387985,0.953829121840172
AQ,S6C4R,Central,Central,0.63571986660461,0.681991005979042,0.932152859834263
AQ,S6C4R,Central,Shoulder,0.0462709394397655,0.681991005979042,0.0678468470025357
AQ,S6C4R,Central,Tail,1.99934666970164e-07,0.681991005979042,2.93163201885844e-07
AQ,S6C4R,Shoulder,Central,0.111285902176656,0.268307723006425,0.414769656757107
AQ,S6C4R,Shoulder,Shoulder,0.155564579040635,0.268307723006425,0.579799110131876
AQ,S6C4R,Shoulder,Tail,0.00145724178913413,0.268307723006425,0.00543123311101722
AQ,S6C4R,Tail,Central,1.30243091806174e-05,0.0497012710145332,0.000262051833177646
AQ,S6C4R,Tail,Shoulder,0.00523640435335975,0.0497012710145332,0.10535755417258
AQ,S6C4R,Tail,Tail,0.0444518423519928,0.0497012710145332,0.894380393994243
AQ,S6C6NR,Central,Central,0.451486997080618,0.488156754917896,0.92488118321041
AQ,S6C6NR,Central,Shoulder,0.0366688751622822,0.488156754917896,0.0751170086101739
AQ,S6C6NR,Central,Tail,8.82674996024223e-07,0.488156754917896,1.80817941600067e-06
AQ,S6C6NR,Shoulder,Central,0.0800303647691644,0.232235436394757,0.344608755716021
AQ,S6C6NR,Shoulder,Shoulder,0.145424505305134,0.232235436394757,0.626194294732605
AQ,S6C6NR,Shoulder,Tail,0.00678056632045917,0.232235436394757,0.0291969495513745
AQ,S6C6NR,Tail,Central,9.43584427858932e-06,0.279607808687346,3.37467123070957e-05
AQ,S6C6NR,Tail,Shoulder,0.00930106485422833,0.279607808687346,0.0332646820483782
AQ,S6C6NR,Tail,Tail,0.270297307988839,0.279607808687346,0.966701571239315
ES,S2C2NR,Central,Central,0.754384343944169,0.77974452805663,0.967476291015896
ES,S2C2NR,Central,Shoulder,0.025359415070882,0.77974452805663,0.0325227227103288
ES,S2C2NR,Central,Tail,7.69041579337386e-07,0.77974452805663,9.86273775147972e-07
ES,S2C2NR,Shoulder,Central,0.152303559502367,0.208908780657036,0.729043360567995
ES,S2C2NR,Shoulder,Shoulder,0.0563227459777696,0.208908780657036,0.26960449340918
ES,S2C2NR,Shoulder,Tail,0.000282475176898604,0.208908780657036,0.00135214602282487
ES,S2C2NR,Tail,Central,0.000363473740338145,0.0113466912863344,0.0320334563764771
ES,S2C2NR,Tail,Shoulder,0.00147085621536568,0.0113466912863344,0.129628644884094
ES,S2C2NR,Tail,Tail,0.00951236133063053,0.0113466912863344,0.838337898739429
ES,S4C2NR,Central,Central,0.718836061709792,0.745190698055139,0.964633701931426
ES,S4C2NR,Central,Shoulder,0.0263492091154231,0.745190698055139,0.0353590150604287
ES,S4C2NR,Central,Tail,5.42722992399509e-06,0.745190698055139,7.28300814564585e-06
ES,S4C2NR,Shoulder,Central,0.169932775296401,0.226642311394011,0.749783984513722
ES,S4C2NR,Shoulder,Shoulder,0.0559116411892705,0.226642311394011,0.246695512613573
ES,S4C2NR,Shoulder,Tail,0.000797894908339293,0.226642311394011,0.00352050287270577
ES,S4C2NR,Tail,Central,0.00105246914337994,0.0281669905508494,0.0373653387457185
ES,S4C2NR,Tail,Shoulder,0.00253280472907574,0.0281669905508494,0.0899210273991933
ES,S4C2NR,Tail,Tail,0.0245817166783937,0.0281669905508494,0.872713633855088
ES,S4C2R,Central,Central,0.72680663080579,0.753199526990526,0.964958958099468
ES,S4C2R,Central,Shoulder,0.0263893556257869,0.753199526990526,0.0350363412085876
ES,S4C2R,Central,Tail,3.54055894921975e-06,0.753199526990526,4.70069194462504e-06
ES,S4C2R,Shoulder,Central,0.171755241705273,0.227469550338128,0.755069157388157
ES,S4C2R,Shoulder,Shoulder,0.0551939930796747,0.227469550338128,0.242643435121888
ES,S4C2R,Shoulder,Tail,0.000520315553180128,0.227469550338128,0.00228740748995499
ES,S4C2R,Tail,Central,0.00106357952831177,0.0193309226713457,0.0550195945839833
ES,S4C2R,Tail,Shoulder,0.00227676101603679,0.0193309226713457,0.117778186522449
ES,S4C2R,Tail,Tail,0.0159905821269972,0.0193309226713457,0.827202218893568
ES,S4C4NR,Central,Central,0.670067402652475,0.696187942656609,0.962480619953772
ES,S4C4NR,Central,Shoulder,0.0261035690045736,0.696187942656609,0.0374950030087623
ES,S4C4NR,Central,Tail,1.69709995612675e-05,0.696187942656609,2.43770374656407e-05
ES,S4C4NR,Shoulder,Central,0.158781847192367,0.221580773938066,0.716586752408168
ES,S4C4NR,Shoulder,Shoulder,0.0603026370590111,0.221580773938066,0.272147425010197
ES,S4C4NR,Shoulder,Tail,0.00249628968668771,0.221580773938066,0.0112658225816354
ES,S4C4NR,Tail,Central,0.000984489232759957,0.0822312834053242,0.011972198316635
ES,S4C4NR,Tail,Shoulder,0.00409943170320703,0.0822312834053242,0.0498524592277202
ES,S4C4NR,Tail,Tail,0.0771473624693572,0.0822312834053242,0.938175342455645
ES,S6C2NR,Central,Central,0.710739222986489,0.737932104437018,0.963149886978727
ES,S6C2NR,Central,Shoulder,0.0271871217745798,0.737932104437018,0.0368423078642463
ES,S6C2NR,Central,Tail,5.75967594993562e-06,0.737932104437018,7.80515702637681e-06
ES,S6C2NR,Shoulder,Central,0.190201196626736,0.244158413210073,0.779007342512041
ES,S6C2NR,Shoulder,Shoulder,0.0535063736935037,0.244158413210073,0.219146139549437
ES,S6C2NR,Shoulder,Tail,0.000450842889833461,0.244158413210073,0.00184651793852198
ES,S6C2NR,Tail,Central,0.00227568578442111,0.0179094823529081,0.12706597206879
ES,S6C2NR,Tail,Shoulder,0.00282471424006535,0.0179094823529081,0.157721713246876
ES,S6C2NR,Tail,Tail,0.0128090823284216,0.0179094823529081,0.715212314684334
ES,S6C2R,Central,Central,0.714344292784338,0.741548748558052,0.963314002179069
ES,S6C2R,Central,Shoulder,0.0272004691827523,0.741548748558052,0.0366806217873658
ES,S6C2R,Central,Tail,3.98659096228985e-06,0.741548748558052,5.37603356494339e-06
ES,S6C2R,Shoulder,Central,0.191138723726382,0.244635534565551,0.781320359144988
ES,S6C2R,Shoulder,Shoulder,0.0531848761299605,0.244635534565551,0.217404541104021
ES,S6C2R,Shoulder,Tail,0.000311934709208087,0.244635534565551,0.00127509975099101
ES,S6C2R,Tail,Central,0.00228678164717615,0.0138157168763972,0.165520303262937
ES,S6C2R,Tail,Shoulder,0.00269926430649038,0.0138157168763972,0.195376347868116
ES,S6C2R,Tail,Tail,0.0088296709227307,0.0138157168763972,0.639103348868947
ES,S6C4NR,Central,Central,0.651679003017299,0.678682267591699,0.960212214369146
ES,S6C4NR,Central,Shoulder,0.0269684572529775,0.678682267591699,0.0397364990081072
ES,S6C4NR,Central,Tail,3.48073214232449e-05,0.678682267591699,5.12866227472813e-05
ES,S6C4NR,Shoulder,Central,0.174842116265732,0.236341950898212,0.7397845181579
ES,S6C4NR,Shoulder,Shoulder,0.0587733221541825,0.236341950898212,0.248679178329602
ES,S6C4NR,Shoulder,Tail,0.00272651247829783,0.236341950898212,0.0115363035124987
ES,S6C4NR,Tail,Central,0.00209390730805102,0.0849757815100879,0.0246412244858547
ES,S6C4NR,Tail,Shoulder,0.00487990348396838,0.0849757815100879,0.0574269915174485
ES,S6C4NR,Tail,Tail,0.0780019707180685,0.0849757815100879,0.917931783996697
ES,S6C4R,Central,Central,0.575669114028519,0.602428343654989,0.955581058048964
ES,S6C4R,Central,Shoulder,0.0266870382873616,0.602428343654989,0.0442991080490151
ES,S6C4R,Central,Tail,7.21913391083034e-05,0.602428343654989,0.00011983390202113
ES,S6C4R,Shoulder,Central,0.155075139545722,0.226282245178873,0.685317309907091
ES,S6C4R,Shoulder,Shoulder,0.065551830057043,0.226282245178873,0.289690558820579
ES,S6C4R,Shoulder,Tail,0.00565527557610809,0.226282245178873,0.0249921312723306
ES,S6C4R,Tail,Central,0.0018599602991058,0.171289411166138,0.0108585830638519
ES,S6C4R,Tail,Shoulder,0.00752491067089549,0.171289411166138,0.0439309740144818
ES,S6C4R,Tail,Tail,0.161904540196137,0.171289411166138,0.945210442921666
ES,S6C6NR,Central,Central,0.461540926100139,0.487933739372513,0.9459090217735
ES,S6C6NR,Central,Shoulder,0.0262644901555104,0.487933739372513,0.0538279853106425
ES,S6C6NR,Central,Tail,0.000128323116863011,0.487933739372513,0.000262992915857871
ES,S6C6NR,Shoulder,Central,0.125395195739855,0.211177684441909,0.593789992873744
ES,S6C6NR,Shoulder,Shoulder,0.0757297007802308,0.211177684441909,0.358606549647355
ES,S6C6NR,Shoulder,Tail,0.0100527879218231,0.211177684441909,0.0476034574789005
ES,S6C6NR,Tail,Central,0.00150869089775034,0.300888576185579,0.00501411823897171
ES,S6C6NR,Tail,Shoulder,0.0114963659817445,0.300888576185579,0.0382080507259068
ES,S6C6NR,Tail,Tail,0.287883519306084,0.300888576185579,0.956777831035121
HC,S2C2NR,Central,Central,0.604208767464261,0.657106420715279,0.919499107627898
HC,S2C2NR,Central,Shoulder,0.0528972758460138,0.657106420715279,0.0805003180282938
HC,S2C2NR,Central,Tail,3.77405003967283e-07,0.657106420715279,5.74343808049337e-07
HC,S2C2NR,Shoulder,Central,0.10209361550517,0.314737537119634,0.324376991824662
HC,S2C2NR,Shoulder,Shoulder,0.21079987394168,0.314737537119634,0.66976400676845
HC,S2C2NR,Shoulder,Tail,0.00184404767278436,0.314737537119634,0.00585900140688785
HC,S2C2NR,Tail,Central,1.80017884403407e-05,0.0281560421650877,0.000639357915959587
HC,S2C2NR,Tail,Shoulder,0.0082249544882721,0.0281560421650877,0.292120406698023
HC,S2C2NR,Tail,Tail,0.0199130858883752,0.0281560421650877,0.707240235386017
HC,S4C2NR,Central,Central,0.588770387080711,0.642466465100077,0.916421975408472
HC,S4C2NR,Central,Shoulder,0.0536952836523081,0.642466465100077,0.0835767881580309
HC,S4C2NR,Central,Tail,7.94367058055555e-07,0.642466465100077,1.23643349685468e-06
HC,S4C2NR,Shoulder,Central,0.105036191897088,0.314144852520611,0.334355922289692
HC,S4C2NR,Shoulder,Shoulder,0.206901174662443,0.314144852520611,0.658617109280401
HC,S4C2NR,Shoulder,Tail,0.00220748596107993,0.314144852520611,0.00702696842990638
HC,S4C2NR,Tail,Central,3.30990379352044e-05,0.0433886823793131,0.000762849575514775
HC,S4C2NR,Tail,Shoulder,0.00902180298224475,0.0433886823793131,0.207929867594831
HC,S4C2NR,Tail,Tail,0.0343337803591332,0.0433886823793131,0.791307282829654
HC,S4C2R,Central,Central,0.599738715933378,0.654228934217511,0.916710779003827
HC,S4C2R,Central,Shoulder,0.0544895289443895,0.654228934217511,0.0832881673287066
HC,S4C2R,Central,Tail,6.89339743617068e-07,0.654228934217511,1.05366746648335e-06
HC,S4C2R,Shoulder,Central,0.106943678074169,0.31748722331039,0.336844037246865
HC,S4C2R,Shoulder,Shoulder,0.208658251658733,0.31748722331039,0.657217791264436
HC,S4C2R,Shoulder,Tail,0.00188529357748807,0.31748722331039,0.00593817148869931
HC,S4C2R,Tail,Central,3.36944828489824e-05,0.0282838424720993,0.00119129792503336
HC,S4C2R,Tail,Shoulder,0.00884736755447337,0.0282838424720993,0.312806421659323
HC,S4C2R,Tail,Tail,0.0194027804347769,0.0282838424720993,0.686002280415643
HC,S4C4NR,Central,Central,0.587520772701873,0.641126374851396,0.916388399772278
HC,S4C4NR,Central,Shoulder,0.0536047958167735,0.641126374851396,0.08361034254627
HC,S4C4NR,Central,Tail,8.06332749826468e-07,0.641126374851396,1.25768145166912e-06
HC,S4C4NR,Shoulder,Central,0.104818873271222,0.313764058449388,0.334069089331752
HC,S4C4NR,Shoulder,Shoulder,0.206700992054063,0.313764058449388,0.658778424385421
HC,S4C4NR,Shoulder,Tail,0.00224419312410322,0.313764058449388,0.0071524862828265
HC,S4C4NR,Tail,Central,3.30311992939623e-05,0.0451095666992156,0.000732243772462054
HC,S4C4NR,Tail,Shoulder,0.00904167629399989,0.0451095666992156,0.200438110041902
HC,S4C4NR,Tail,Tail,0.0360348592059218,0.0451095666992156,0.798829646185636
HC,S6C2NR,Central,Central,0.584215529037528,0.63976447473341,0.913172819233158
HC,S6C2NR,Central,Shoulder,0.0555474680586707,0.63976447473341,0.0868248711087268
HC,S6C2NR,Central,Tail,1.47763721112058e-06,0.63976447473341,2.30965811556872e-06
HC,S6C2NR,Shoulder,Central,0.110845565652519,0.317607757277634,0.349001443172009
HC,S6C2NR,Shoulder,Shoulder,0.20451504552572,0.317607757277634,0.643923332599667
HC,S6C2NR,Shoulder,Tail,0.00224714609939441,0.317607757277634,0.00707522422832414
HC,S6C2NR,Tail,Central,6.38589576420438e-05,0.0426277679889561,0.00149806008277487
HC,S6C2NR,Tail,Shoulder,0.00979299976105855,0.0426277679889561,0.229732876551165
HC,S6C2NR,Tail,Tail,0.0327709092702555,0.0426277679889561,0.76876906336606
HC,S6C2R,Central,Central,0.594542232810825,0.650866090260246,0.913463217254258
HC,S6C2R,Central,Shoulder,0.0563225710386365,0.650866090260246,0.0865348062857539
HC,S6C2R,Central,Tail,1.28641078485276e-06,0.650866090260246,1.9764599878577e-06
HC,S6C2R,Shoulder,Central,0.112758013247756,0.320849357655665,0.351435994984187
HC,S6C2R,Shoulder,Shoulder,0.206165377119998,0.320849357655665,0.642561289903702
HC,S6C2R,Shoulder,Tail,0.00192596728791101,0.320849357655665,0.00600271511211177
HC,S6C2R,Tail,Central,6.4950760143944e-05,0.0282845520840891,0.00229633334658606
HC,S6C2R,Tail,Shoulder,0.00962702043026522,0.0282845520840891,0.340363191951719
HC,S6C2R,Tail,Tail,0.01859258089368,0.0282845520840891,0.657340474701695
HC,S6C4NR,Central,Central,0.533653390483365,0.585408173365065,0.911591970805257
HC,S6C4NR,Central,Shoulder,0.0517523689518173,0.585408173365065,0.0884039056959736
HC,S6C4NR,Central,Tail,2.41392988227987e-06,0.585408173365065,4.1234987690794e-06
HC,S6C4NR,Shoulder,Central,0.101481741298618,0.301736066654046,0.336326188724968
HC,S6C4NR,Shoulder,Shoulder,0.196434607027432,0.301736066654046,0.65101467386944
HC,S6C4NR,Shoulder,Tail,0.00381971832799631,0.301736066654046,0.0126591374055916
HC,S6C4NR,Tail,Central,5.85132180346368e-05,0.112855759980889,0.000518477905288531
HC,S6C4NR,Tail,Shoulder,0.0106056763038293,0.112855759980889,0.0939754985091163
HC,S6C4NR,Tail,Tail,0.102191570459026,0.112855759980889,0.905506023585595
HC,S6C4R,Central,Central,0.593010164954499,0.649219056639902,0.913420761281534
HC,S6C4R,Central,Shoulder,0.0562075769043011,0.649219056639902,0.0865772135451615
HC,S6C4R,Central,Tail,1.31478110198364e-06,0.649219056639902,2.02517330404381e-06
HC,S6C4R,Shoulder,Central,0.112474282877263,0.320368434424858,0.351077917770465
HC,S6C4R,Shoulder,Shoulder,0.205920534230787,0.320368434424858,0.64276162100822
HC,S6C4R,Shoulder,Tail,0.00197361731680786,0.320368434424858,0.00616046122131541
HC,S6C4R,Tail,Central,6.47887805272785e-05,0.0304125089352402,0.00213033330019692
HC,S6C4R,Tail,Shoulder,0.00965164509299453,0.0304125089352402,0.317357739657276
HC,S6C4R,Tail,Tail,0.0206960750617184,0.0304125089352402,0.680511927042527
HC,S6C6NR,Central,Central,0.503685256198176,0.553191242174392,0.910508369977758
HC,S6C6NR,Central,Shoulder,0.0495030171065043,0.553191242174392,0.0894862632169051
HC,S6C6NR,Central,Tail,2.96886971081346e-06,0.553191242174392,5.36680533687396e-06
HC,S6C6NR,Shoulder,Central,0.0959318109814894,0.292328929821194,0.328163931774276
HC,S6C6NR,Shoulder,Shoulder,0.191645338358732,0.292328929821194,0.655581158101435
HC,S6C6NR,Shoulder,Tail,0.00475178048097303,0.292328929821194,0.0162549101242888
HC,S6C6NR,Tail,Central,5.53448029519398e-05,0.154479828004415,0.000358265565588007
HC,S6C6NR,Tail,Shoulder,0.0110873489636612,0.154479828004415,0.0717721472563027
HC,S6C6NR,Tail,Tail,0.143337134237802,0.154479828004415,0.927869587178109
PG,S2C2NR,Central,Central,0.746744176214074,0.778294500455978,0.959462228984761
PG,S2C2NR,Central,Shoulder,0.0315503187945157,0.778294500455978,0.0405377640161036
PG,S2C2NR,Central,Tail,5.44738839318173e-09,0.778294500455978,6.99913514741564e-09
PG,S2C2NR,Shoulder,Central,0.0882674051636394,0.203652560159193,0.433421534669839
PG,S2C2NR,Shoulder,Shoulder,0.115006517456561,0.203652560159193,0.56471923243519
PG,S2C2NR,Shoulder,Tail,0.000378637538992986,0.203652560159193,0.00185923289497077
PG,S2C2NR,Tail,Central,1.14371341093783e-06,0.0180529393848288,6.33533069910472e-05
PG,S2C2NR,Tail,Shoulder,0.00129433652063876,0.0180529393848288,0.0716967189136241
PG,S2C2NR,Tail,Tail,0.0167574591507791,0.0180529393848288,0.928239927779385
PG,S4C2NR,Central,Central,0.739183376132731,0.770807768582897,0.958972400462042
PG,S4C2NR,Central,Shoulder,0.0316243835113203,0.770807768582897,0.0410275879412329
PG,S4C2NR,Central,Tail,8.93884584741231e-09,0.770807768582897,1.15967251651421e-08
PG,S4C2NR,Shoulder,Central,0.0887402150901397,0.20414941430024,0.434682682751323
PG,S4C2NR,Shoulder,Shoulder,0.114895764823385,0.20414941430024,0.562802324058639
PG,S4C2NR,Shoulder,Tail,0.000513434386715566,0.20414941430024,0.00251499319003905
PG,S4C2NR,Tail,Central,1.39765954120975e-06,0.0250428171168636,5.58107953545121e-05
PG,S4C2NR,Tail,Shoulder,0.00144817571847765,0.0250428171168636,0.0578279876309309
PG,S4C2NR,Tail,Tail,0.0235932437388448,0.0250428171168636,0.942116201573715
PG,S4C2R,Central,Central,0.748872581589124,0.780759096874729,0.959159598122849
PG,S4C2R,Central,Shoulder,0.0318865097574595,0.780759096874729,0.0408403947966752
PG,S4C2R,Central,Tail,5.52814592363084e-09,0.780759096874729,7.08047584172794e-09
PG,S4C2R,Shoulder,Central,0.0898496457613642,0.204804363953733,0.438709625258091
PG,S4C2R,Shoulder,Shoulder,0.114640683727545,0.204804363953733,0.559757036004578
PG,S4C2R,Shoulder,Tail,0.000314034464824611,0.204804363953733,0.00153333873733059
PG,S4C2R,Tail,Central,1.41485029552137e-06,0.0144365391715381,9.80048111746039e-05
PG,S4C2R,Tail,Shoulder,0.00126264253799305,0.0144365391715381,0.0874615808532819
PG,S4C2R,Tail,Tail,0.0131724817832496,0.0144365391715381,0.912440414335544
PG,S4C4NR,Central,Central,0.584873820556932,0.612323664492781,0.955171022242645
PG,S4C4NR,Central,Shoulder,0.027449780678453,0.612323664492781,0.0448288744502322
PG,S4C4NR,Central,Tail,6.32573956820485e-08,0.612323664492781,1.03307122278947e-07
PG,S4C4NR,Shoulder,Central,0.0710715058663258,0.193718735498982,0.366879877071566
PG,S4C4NR,Shoulder,Shoulder,0.118958167123767,0.193718735498982,0.614076727361211
PG,S4C4NR,Shoulder,Tail,0.00368906250888939,0.193718735498982,0.0190433955672231
PG,S4C4NR,Tail,Central,1.12388088414881e-06,0.193957600008237,5.79446685307038e-06
PG,S4C4NR,Tail,Shoulder,0.00440296316250419,0.193957600008237,0.0227006477823875
PG,S4C4NR,Tail,Tail,0.189553512964848,0.193957600008237,0.977293557750759
PG,S6C2NR,Central,Central,0.740160229712305,0.772539717627239,0.95808696022208
PG,S6C2NR,Central,Shoulder,0.0323794753995658,0.772539717627239,0.0419130235776296
PG,S6C2NR,Central,Tail,1.25153678043018e-08,0.772539717627239,1.62002904429836e-08
PG,S6C2NR,Shoulder,Central,0.092429550308519,0.206921934920833,0.446688024369586
PG,S6C2NR,Shoulder,Shoulder,0.114053432483306,0.206921934920833,0.551190633931305
PG,S6C2NR,Shoulder,Tail,0.000438952129008037,0.206921934920833,0.00212134169910975
PG,S6C2NR,Tail,Central,2.36543836152388e-06,0.0205383474519281,0.000115171795932482
PG,S6C2NR,Tail,Shoulder,0.00145827399717187,0.0205383474519281,0.0710024991341242
PG,S6C2NR,Tail,Tail,0.0190777080163947,0.0205383474519281,0.928882329069943
PG,S6C2R,Central,Central,0.743087698321656,0.775547775994628,0.958145611814382
PG,S6C2R,Central,Shoulder,0.0324600668941421,0.775547775994628,0.041854374287274
PG,S6C2R,Central,Tail,1.07788299337765e-08,0.775547775994628,1.38983441993019e-08
PG,S6C2R,Shoulder,Central,0.0927787268777874,0.207131801959542,0.44792120765651
PG,S6C2R,Shoulder,Shoulder,0.11397639142292,0.207131801959542,0.550260222450933
PG,S6C2R,Shoulder,Tail,0.00037668365883463,0.207131801959542,0.00181856989255665
PG,S6C2R,Tail,Central,2.37422570724501e-06,0.0173204220458293,0.000137076665970545
PG,S6C2R,Tail,Shoulder,0.00140056463272,0.0173204220458293,0.0808620384084259
PG,S6C2R,Tail,Tail,0.0159174831874021,0.0173204220458293,0.919000884925604
PG,S6C4NR,Central,Central,0.510467989369019,0.536524320815786,0.951434948173182
PG,S6C4NR,Central,Shoulder,0.0260561826808266,0.536524320815786,0.0485647745496573
PG,S6C4NR,Central,Tail,1.48765940277666e-07,0.536524320815786,2.77277160616815e-07
PG,S6C4NR,Shoulder,Central,0.0650327925040353,0.190455548179285,0.341459165278907
PG,S6C4NR,Shoulder,Shoulder,0.120098154432467,0.190455548179285,0.630583648418648
PG,S6C4NR,Shoulder,Tail,0.00532460124278263,0.190455548179285,0.0279571863024453
PG,S6C4NR,Tail,Central,1.67597405133017e-06,0.27302013100493,6.13864642567292e-06
PG,S6C4NR,Tail,Shoulder,0.00598621092103733,0.27302013100493,0.0219258957169324
PG,S6C4NR,Tail,Tail,0.267032244109842,0.27302013100493,0.978067965636642
PG,S6C4R,Central,Central,0.657975127072702,0.688092156044461,0.956231111331238
PG,S6C4R,Central,Shoulder,0.0301169677052129,0.688092156044461,0.043768799630477
PG,S6C4R,Central,Tail,6.12665457574289e-08,0.688092156044461,8.90382853797133e-08
PG,S6C4R,Shoulder,Central,0.0826268449633637,0.201030174352714,0.411017128296334
PG,S6C4R,Shoulder,Shoulder,0.116216266077846,0.201030174352714,0.578103592916062
PG,S6C4R,Shoulder,Tail,0.00218706331150398,0.201030174352714,0.0108792787876048
PG,S6C4R,Tail,Central,2.11874437214519e-06,0.110877669602825,1.91088465309088e-05
PG,S6C4R,Tail,Shoulder,0.00307839385963376,0.110877669602825,0.0277638759063108
PG,S6C4R,Tail,Tail,0.107797156998819,0.110877669602825,0.972217015247158
PG,S6C6NR,Central,Central,0.376483029538917,0.398850913068939,0.943919186851265
PG,S6C6NR,Central,Shoulder,0.0223676552858741,0.398850913068939,0.0560802408944417
PG,S6C6NR,Central,Tail,2.28244147518746e-07,0.398850913068939,5.72254293621976e-07
PG,S6C6NR,Shoulder,Central,0.0490516105171185,0.180850312221745,0.271227679479895
PG,S6C6NR,Shoulder,Shoulder,0.123624184856185,0.180850312221745,0.68357186303669
PG,S6C6NR,Shoulder,Tail,0.0081745168484413,0.180850312221745,0.0452004574834149
PG,S6C6NR,Tail,Central,1.27379308184018e-06,0.420298774709315,3.03068473783002e-06
PG,S6C6NR,Tail,Shoulder,0.00862746447819123,0.420298774709315,0.0205269798470341
PG,S6C6NR,Tail,Tail,0.411670036438042,0.420298774709315,0.979469989468228
YL,S2C2NR,Central,Central,0.636249136071866,0.684979030114467,0.928859290722436
YL,S2C2NR,Central,Shoulder,0.0487298611446668,0.684979030114467,0.0711406612499123
YL,S2C2NR,Central,Tail,3.28979340302897e-08,0.684979030114467,4.80276513352418e-08
YL,S2C2NR,Shoulder,Central,0.0979568790093131,0.29437024253022,0.332767599630105
YL,S2C2NR,Shoulder,Shoulder,0.195204397814544,0.29437024253022,0.66312544412333
YL,S2C2NR,Shoulder,Tail,0.00120896570636245,0.29437024253022,0.00410695624656539
YL,S2C2NR,Tail,Central,2.20345611786661e-06,0.0206507273553122,0.000106701138412919
YL,S2C2NR,Tail,Shoulder,0.00580158809663467,0.0206507273553122,0.280938680600143
YL,S2C2NR,Tail,Tail,0.0148469358025596,0.0206507273553122,0.718954618261445
YL,S4C2NR,Central,Central,0.593368304663132,0.640709069234686,0.926111917491503
YL,S4C2NR,Central,Shoulder,0.0473406700586972,0.640709069234686,0.0738879349955896
YL,S4C2NR,Central,Tail,9.45128573736097e-08,0.640709069234686,1.475129070461e-07
YL,S4C2NR,Shoulder,Central,0.0951038187167731,0.286497863611414,0.331952976954011
YL,S4C2NR,Shoulder,Shoulder,0.189099049818409,0.286497863611414,0.660036509294498
YL,S4C2NR,Shoulder,Tail,0.00229499507623195,0.286497863611414,0.00801051375149076
YL,S4C2NR,Tail,Central,3.41804993824745e-06,0.0727930671538991,4.69557070733262e-05
YL,S4C2NR,Tail,Shoulder,0.00682528621765302,0.0727930671538991,0.0937628607298962
YL,S4C2NR,Tail,Tail,0.0659643628863078,0.0727930671538991,0.90619018356303
YL,S4C2R,Central,Central,0.635451159348621,0.685385629214185,0.92714397889723
YL,S4C2R,Central,Shoulder,0.0499344183203606,0.685385629214185,0.0728559458966361
YL,S4C2R,Central,Tail,5.15452033109479e-08,0.685385629214185,7.52061337644999e-08
YL,S4C2R,Shoulder,Central,0.101644038930262,0.296949860281107,0.34229360752701
YL,S4C2R,Shoulder,Shoulder,0.194139017241562,0.296949860281107,0.653777095762161
YL,S4C2R,Shoulder,Tail,0.00116680410928338,0.296949860281107,0.00392929671082797
YL,S4C2R,Tail,Central,3.64969244367021e-06,0.0176645105047063,0.000206611581039726
YL,S4C2R,Tail,Shoulder,0.00607141452038261,0.0176645105047063,0.343706921217264
YL,S4C2R,Tail,Tail,0.01158944629188,0.0176645105047063,0.656086467201697
YL,S4C4NR,Central,Central,0.544974850674556,0.58933296687913,0.924731656470066
YL,S4C4NR,Central,Shoulder,0.0443579722807814,0.58933296687913,0.0752680993152028
YL,S4C4NR,Central,Tail,1.43923792192996e-07,0.58933296687913,2.44214731368514e-07
YL,S4C4NR,Shoulder,Central,0.0875828497059479,0.274478521679795,0.319088171890264
YL,S4C4NR,Shoulder,Shoulder,0.183303306316237,0.274478521679795,0.667823861752206
YL,S4C4NR,Shoulder,Tail,0.00359236565760977,0.274478521679795,0.0130879663575301
YL,S4C4NR,Tail,Central,3.15167112407827e-06,0.136188511441075,2.31419749781311e-05
YL,S4C4NR,Tail,Shoulder,0.00769220590662849,0.136188511441075,0.0564820470187511
YL,S4C4NR,Tail,Tail,0.128493153863322,0.136188511441075,0.943494811006271
YL,S6C2NR,Central,Central,0.570992080483202,0.618635505261778,0.922986274836561
YL,S6C2NR,Central,Shoulder,0.0476432042707473,0.618635505261778,0.0770133687211938
YL,S6C2NR,Central,Tail,2.20507828487034e-07,0.618635505261778,3.56442245250254e-07
YL,S6C2NR,Shoulder,Central,0.0967361592462029,0.284650847906693,0.339841458255246
YL,S6C2NR,Shoulder,Shoulder,0.185037174602853,0.284650847906693,0.650049616797582
YL,S6C2NR,Shoulder,Tail,0.00287751405763762,0.284650847906693,0.0101089249471719
YL,S6C2NR,Tail,Central,6.51068705713765e-06,0.0967136468315282,6.73192178191671e-05
YL,S6C2NR,Tail,Shoulder,0.00764995624750519,0.0967136468315282,0.0790990361559952
YL,S6C2NR,Tail,Tail,0.0890571798969658,0.0967136468315282,0.920833644626186
YL,S6C2R,Central,Central,0.630472100380935,0.681900623378392,0.924580618884522
YL,S6C2R,Central,Shoulder,0.051428422314534,0.681900623378392,0.075419233465044
YL,S6C2R,Central,Tail,1.00682923132422e-07,0.681900623378392,1.47650434213715e-07
YL,S6C2R,Shoulder,Central,0.10650992139024,0.299856229212342,0.355203297493664
YL,S6C2R,Shoulder,Shoulder,0.192144267251969,0.299856229212342,0.640787979481668
YL,S6C2R,Shoulder,Tail,0.00120204057013362,0.299856229212342,0.00400872302466793
YL,S6C2R,Tail,Central,7.15816197572083e-06,0.0182431474092655,0.000392375384309249
YL,S6C2R,Tail,Shoulder,0.00655664328658199,0.0182431474092655,0.359403075548902
YL,S6C2R,Tail,Tail,0.0116793459607078,0.0182431474092655,0.640204549066789
YL,S6C4NR,Central,Central,0.415861012153645,0.453632444094341,0.916735602948098
YL,S6C4NR,Central,Shoulder,0.0377708989150571,0.453632444094341,0.0832632220353313
YL,S6C4NR,Central,Tail,5.33025638872933e-07,0.453632444094341,1.17501657082111e-06
YL,S6C4NR,Shoulder,Central,0.0712450083419098,0.24499337888837,0.290803811373091
YL,S6C4NR,Shoulder,Shoulder,0.166501019482695,0.24499337888837,0.679614364429661
YL,S6C4NR,Shoulder,Tail,0.00724735106376564,0.24499337888837,0.0295818241972484
YL,S6C4NR,Tail,Central,4.82199434975291e-06,0.301374177017287,1.60000249439962e-05
YL,S6C4NR,Tail,Shoulder,0.0105014483609608,0.301374177017287,0.0348452162189013
YL,S6C4NR,Tail,Tail,0.290867906661977,0.301374177017287,0.965138783756155
YL,S6C4R,Central,Central,0.597116148240475,0.646422016348895,0.923724955429414
YL,S6C4R,Central,Shoulder,0.0493057002285823,0.646422016348895,0.0762747848643362
YL,S6C4R,Central,Tail,1.67879837577233e-07,0.646422016348895,2.59706249681048e-07
YL,S6C4R,Shoulder,Central,0.101028868376652,0.291329164628627,0.346785974914112
YL,S6C4R,Shoulder,Shoulder,0.188158662629285,0.291329164628627,0.645862774738469
YL,S6C4R,Shoulder,Tail,0.00214163362268947,0.291329164628627,0.00735125034741897
YL,S6C4R,Tail,Central,6.79506286389233e-06,0.0622488190224783,0.000109159707294023
YL,S6C4R,Tail,Shoulder,0.0071697650518706,0.0622488190224783,0.11517913374841
YL,S6C4R,Tail,Tail,0.0550722589077438,0.0622488190224783,0.884711706544296
YL,S6C6NR,Central,Central,0.35574137365802,0.389687004313161,0.91289001101032
YL,S6C6NR,Central,Shoulder,0.0339449765160593,0.389687004313161,0.0871083103627967
YL,S6C6NR,Central,Tail,6.54139081758079e-07,0.389687004313161,1.67862688392964e-06
YL,S6C6NR,Shoulder,Central,0.0613661440131482,0.229624486462721,0.267245645089819
YL,S6C6NR,Shoulder,Shoulder,0.159317500688411,0.229624486462721,0.693817559018367
YL,S6C6NR,Shoulder,Tail,0.00894084176116172,0.229624486462721,0.0389367958918146
YL,S6C6NR,Tail,Central,4.1675568074129e-06,0.380688509224117,1.09474194950271e-05
YL,S6C6NR,Tail,Shoulder,0.0116065182665576,0.380688509224117,0.0304882285262903
YL,S6C6NR,Tail,Tail,0.369077823400752,0.380688509224117,0.969500824054215
