uid,Cond,ErrorRegion,Stage,nObs,ModelMass,MeanRT,Q10RT,MedianRT,Q90RT
AQ,S2C2NR,Central,Observed,319,NaN,1.72904952978714,1.38280000019074,1.7030999994278,2.111
AQ,S2C2NR,Central,H0a POPCDM,NaN,5.64314676320018,1.74294623974669,1.40012567707688,1.72012567707688,2.12012567707688
AQ,S2C2NR,Shoulder,Observed,163,NaN,1.76549202455919,1.42072000045776,1.7782000002861,2.1147
AQ,S2C2NR,Shoulder,H0a POPCDM,NaN,2.14577432186761,1.74572646898191,1.41012567707688,1.72012567707688,2.12012567707688
AQ,S2C2NR,Tail,Observed,16,NaN,1.80506249994039,1.30072999982834,1.82075,2.32960999984742
AQ,S2C2NR,Tail,H0a POPCDM,NaN,0.128905375459142,1.74701856907152,1.41012567707688,1.72012567707688,2.12012567707688
AQ,S4C2NR,Central,Observed,327,NaN,1.72868042817393,1.38527999973298,1.70080000019073,2.13503999996185
AQ,S4C2NR,Central,H0a POPCDM,NaN,5.61953438484142,1.78078595782518,1.43012567707688,1.75012567707688,2.17012567707688
AQ,S4C2NR,Shoulder,Observed,155,NaN,1.76310967744089,1.41080000019073,1.746,2.18859999990463
AQ,S4C2NR,Shoulder,H0a POPCDM,NaN,2.15261945237327,1.78377116814046,1.43012567707688,1.76012567707688,2.17012567707688
AQ,S4C2NR,Tail,Observed,16,NaN,1.84331249991059,1.3572799996376,1.87705000019074,2.14495000033379
AQ,S4C2NR,Tail,H0a POPCDM,NaN,0.145277808553318,1.7848366793256,1.43012567707688,1.76012567707688,2.17012567707688
AQ,S4C2R,Central,Observed,368,NaN,1.80321548915687,1.45187999992371,1.76835000038146,2.22485000019073
AQ,S4C2R,Central,H0a POPCDM,NaN,5.64692214396527,1.78078525314339,1.43012567707688,1.75012567707688,2.17012567707688
AQ,S4C2R,Shoulder,Observed,120,NaN,1.82231499994993,1.48324999976158,1.78699999976158,2.31425
AQ,S4C2R,Shoulder,H0a POPCDM,NaN,2.15764471303865,1.78377816007409,1.43012567707688,1.76012567707688,2.17012567707688
AQ,S4C2R,Tail,Observed,11,NaN,1.93313636385311,1.51823999996186,2.02480000019073,2.39160000038147
AQ,S4C2R,Tail,H0a POPCDM,NaN,0.11286478876408,1.78576866025492,1.43012567707688,1.76012567707688,2.17012567707688
AQ,S4C4NR,Central,Observed,266,NaN,1.76951954883203,1.45614000015258,1.74394999980926,2.14820999975205
AQ,S4C4NR,Central,H0a POPCDM,NaN,4.99198453371292,1.78080422297951,1.43012567707688,1.75012567707688,2.17012567707688
AQ,S4C4NR,Shoulder,Observed,176,NaN,1.78528124999729,1.44298999986649,1.77720000004769,2.15651999998093
AQ,S4C4NR,Shoulder,H0a POPCDM,NaN,2.03747306276962,1.78360150906874,1.43012567707688,1.76012567707688,2.17012567707688
AQ,S4C4NR,Tail,Observed,58,NaN,1.91495517244832,1.52013999986649,1.87374999952317,2.24874000000954
AQ,S4C4NR,Tail,H0a POPCDM,NaN,0.887974049285459,1.78212238489097,1.43012567707688,1.75012567707688,2.17012567707688
AQ,S6C2NR,Central,Observed,319,NaN,1.7570432602141,1.43448000011444,1.72289999961853,2.17095999984741
AQ,S6C2NR,Central,H0a POPCDM,NaN,5.57556163188805,1.82327761778672,1.46012567707688,1.80012567707688,2.22012567707688
AQ,S6C2NR,Shoulder,Observed,157,NaN,1.76333503184653,1.45161999998092,1.73010000038147,2.09457999973297
AQ,S6C2NR,Shoulder,H0a POPCDM,NaN,2.15667282639767,1.8264910172484,1.46012567707688,1.80012567707688,2.23012567707688
AQ,S6C2NR,Tail,Observed,23,NaN,1.819708695619,1.43107999992371,1.76830000019073,2.32839999952317
AQ,S6C2NR,Tail,H0a POPCDM,NaN,0.18252195464582,1.82700933600219,1.46012567707688,1.80012567707688,2.23012567707688
AQ,S6C2R,Central,Observed,385,NaN,1.80624987014671,1.45419999980927,1.79080000019073,2.16969999980927
AQ,S6C2R,Central,H0a POPCDM,NaN,5.63143503037712,1.82327603926715,1.46012567707688,1.80012567707688,2.22012567707688
AQ,S6C2R,Shoulder,Observed,103,NaN,1.79645048538227,1.37487999992371,1.80890000009537,2.16771999998093
AQ,S6C2R,Shoulder,H0a POPCDM,NaN,2.16707078874557,1.82650638488391,1.46012567707688,1.80012567707688,2.23012567707688
AQ,S6C2R,Tail,Observed,12,NaN,1.93719166660309,1.52293999986649,1.91924999952316,2.45208000020981
AQ,S6C2R,Tail,H0a POPCDM,NaN,0.116250593808849,1.82863926156178,1.46012567707688,1.80012567707688,2.23012567707688
AQ,S6C4NR,Central,Observed,244,NaN,1.8019057377186,1.46672000017166,1.78725,2.20623000025749
AQ,S6C4NR,Central,H0a POPCDM,NaN,4.70615707148772,1.82330700913139,1.46012567707688,1.80012567707688,2.22012567707688
AQ,S6C4NR,Shoulder,Observed,179,NaN,1.85980223463634,1.52496000022888,1.79719999980927,2.3175
AQ,S6C4NR,Shoulder,H0a POPCDM,NaN,1.99487783757313,1.82623125222759,1.46012567707688,1.80012567707688,2.23012567707688
AQ,S6C4NR,Tail,Observed,75,NaN,1.98932666675568,1.57619999980927,1.9155,2.3805
AQ,S6C4NR,Tail,H0a POPCDM,NaN,1.21372150387068,1.8245801502262,1.46012567707688,1.80012567707688,2.23012567707688
AQ,S6C4R,Central,Observed,358,NaN,1.84698100556608,1.49712999997139,1.84330000019073,2.19548999986649
AQ,S6C4R,Central,H0a POPCDM,NaN,5.39779268813425,1.82328285745329,1.46012567707688,1.80012567707688,2.22012567707688
AQ,S6C4R,Shoulder,Observed,112,NaN,1.89678392850501,1.52611999998093,1.86465000009537,2.32674999961853
AQ,S6C4R,Shoulder,H0a POPCDM,NaN,2.12359027130416,1.82644112188083,1.46012567707688,1.80012567707688,2.23012567707688
AQ,S6C4R,Tail,Observed,29,NaN,2.04721724138589,1.64638000011444,2,2.53471999988556
AQ,S6C4R,Tail,H0a POPCDM,NaN,0.393373453493125,1.82547680698768,1.46012567707688,1.80012567707688,2.23012567707688
AQ,S6C6NR,Central,Observed,205,NaN,1.7856756097654,1.44679999923706,1.756,2.09559999990463
AQ,S6C6NR,Central,H0a POPCDM,NaN,3.86364180650227,1.82334811152219,1.46012567707688,1.80012567707688,2.22012567707688
AQ,S6C6NR,Shoulder,Observed,150,NaN,1.82672266664823,1.503,1.79355000019073,2.20164999985695
AQ,S6C6NR,Shoulder,H0a POPCDM,NaN,1.83808690951536,1.82593589013349,1.46012567707688,1.80012567707688,2.23012567707688
AQ,S6C6NR,Tail,Observed,142,NaN,1.91165422533935,1.53382999963761,1.88174999976158,2.35925000009537
AQ,S6C6NR,Tail,H0a POPCDM,NaN,2.21302769691391,1.8243859968909,1.46012567707688,1.80012567707688,2.23012567707688
ES,S2C2NR,Central,Observed,363,NaN,1.32900440773557,1.13434000015258,1.3184000005722,1.55344000062943
ES,S2C2NR,Central,H0a POPCDM,NaN,6.20071057001802,1.33321421512166,1.13439999814725,1.32439999814725,1.53439999814725
ES,S2C2NR,Shoulder,Observed,129,NaN,1.35085891474957,1.16059999995232,1.33460000038147,1.56667999992371
ES,S2C2NR,Shoulder,H0a POPCDM,NaN,1.66129140735128,1.35104833367342,1.14439999814725,1.33439999814725,1.56439999814725
ES,S2C2NR,Tail,Observed,6,NaN,1.49985000002384,1.36007000052928,1.51969999980927,1.62901999998093
ES,S2C2NR,Tail,H0a POPCDM,NaN,0.0902315387441808,1.35403286258669,1.14439999814725,1.33439999814725,1.56439999814725
ES,S4C2NR,Central,Observed,361,NaN,1.36851163433529,1.14791999998093,1.3435,1.6373
ES,S4C2NR,Central,H0a POPCDM,NaN,5.9184146560576,1.40422825813809,1.17439999814725,1.38439999814725,1.64439999814725
ES,S4C2NR,Shoulder,Observed,120,NaN,1.46558250003954,1.23630000019073,1.43030000042915,1.77515000009537
ES,S4C2NR,Shoulder,H0a POPCDM,NaN,1.80002673267109,1.43505623134149,1.18439999814725,1.40439999814725,1.70439999814725
ES,S4C2NR,Tail,Observed,18,NaN,1.42384444438087,1.21480000019073,1.41929999995232,1.64924000003338
ES,S4C2NR,Tail,H0a POPCDM,NaN,0.22370640176838,1.43408929265962,1.18439999814725,1.39439999814725,1.70439999814725
ES,S4C2R,Central,Observed,364,NaN,1.40505192308865,1.20806000003815,1.39544999992848,1.60612999949456
ES,S4C2R,Central,H0a POPCDM,NaN,5.98202195909125,1.40421535715728,1.17439999814725,1.38439999814725,1.64439999814725
ES,S4C2R,Shoulder,Observed,120,NaN,1.47574916669925,1.20974999976158,1.44480000019073,1.79895000004769
ES,S4C2R,Shoulder,H0a POPCDM,NaN,1.80659678662333,1.43525705025487,1.18439999814725,1.40439999814725,1.70439999814725
ES,S4C2R,Tail,Observed,13,NaN,1.6190692307674,1.2555200003624,1.4765999994278,2.27919999983311
ES,S4C2R,Tail,H0a POPCDM,NaN,0.153529044782498,1.44455898705234,1.18439999814725,1.40439999814725,1.72439999814725
ES,S4C4NR,Central,Observed,300,NaN,1.37287466666023,1.19090000009537,1.36129999989271,1.57515000021457
ES,S4C4NR,Central,H0a POPCDM,NaN,5.52922753054089,1.40431365811511,1.17439999814725,1.38439999814725,1.64439999814725
ES,S4C4NR,Shoulder,Observed,159,NaN,1.428999999991,1.20671999979019,1.40339999961853,1.68474000005722
ES,S4C4NR,Shoulder,H0a POPCDM,NaN,1.75982725414884,1.43379484742135,1.18439999814725,1.40439999814725,1.70439999814725
ES,S4C4NR,Tail,Observed,40,NaN,1.59004999996424,1.23185000014305,1.546,1.99094999980927
ES,S4C4NR,Tail,H0a POPCDM,NaN,0.653093005807335,1.41903012378842,1.18439999814725,1.39439999814725,1.67439999814725
ES,S6C2NR,Central,Observed,374,NaN,1.35301791444692,1.16145,1.32789999985695,1.5631999997139
ES,S6C2NR,Central,H0a POPCDM,NaN,5.83399505792279,1.4699023475555,1.20439999814725,1.43439999814725,1.76439999814725
ES,S6C2NR,Shoulder,Observed,111,NaN,1.4351666666366,1.20001999998093,1.3777000002861,1.70425999994278
ES,S6C2NR,Shoulder,H0a POPCDM,NaN,1.93028459861433,1.51486020374853,1.22439999814725,1.46439999814725,1.85439999814725
ES,S6C2NR,Tail,Observed,15,NaN,1.44305999999841,1.2385,1.377,1.73530000007153
ES,S6C2NR,Tail,H0a POPCDM,NaN,0.141590033701723,1.56281959766801,1.23439999814725,1.48439999814725,2.00439999814725
ES,S6C2R,Central,Observed,381,NaN,1.44817217847181,1.23988000030517,1.41810000002384,1.6944000002861
ES,S6C2R,Central,H0a POPCDM,NaN,5.86258777505965,1.46989268324365,1.20439999814725,1.43439999814725,1.76439999814725
ES,S6C2R,Shoulder,Observed,116,NaN,1.46235517243579,1.22575,1.4160499997139,1.74568000007868
ES,S6C2R,Shoulder,H0a POPCDM,NaN,1.93405665787716,1.51498003268059,1.22439999814725,1.46439999814725,1.85439999814725
ES,S6C2R,Tail,Observed,3,NaN,1.7265333331426,1.6639000005722,1.7245999994278,1.7910999994278
ES,S6C2R,Tail,H0a POPCDM,NaN,0.10922525730203,1.58719641603494,1.23439999814725,1.49439999814725,2.07439999814725
ES,S6C4NR,Central,Observed,308,NaN,1.44873863637873,1.2404700006485,1.42105000001192,1.69564999952316
ES,S6C4NR,Central,H0a POPCDM,NaN,5.36557356865579,1.47007533935737,1.21439999814725,1.43439999814725,1.76439999814725
ES,S6C4NR,Shoulder,Observed,141,NaN,1.53900141844428,1.29216000022888,1.49060000038147,1.88473999967575
ES,S6C4NR,Shoulder,H0a POPCDM,NaN,1.86848866613809,1.51282821267332,1.22439999814725,1.46439999814725,1.84439999814725
ES,S6C4NR,Tail,Observed,49,NaN,1.70494693881152,1.33763999996186,1.59179999995232,2.20042000007629
ES,S6C4NR,Tail,H0a POPCDM,NaN,0.671807455444962,1.49789090457745,1.21439999814725,1.44439999814725,1.82439999814725
ES,S6C4R,Central,Observed,272,NaN,1.52423088234707,1.28100000038147,1.45735000014305,1.87214000024795
ES,S6C4R,Central,H0a POPCDM,NaN,4.76271998264277,1.47034805595416,1.21439999814725,1.43439999814725,1.76439999814725
ES,S6C4R,Shoulder,Observed,135,NaN,1.64785925928222,1.33989999997616,1.60289999961853,1.98689999961853
ES,S6C4R,Shoulder,H0a POPCDM,NaN,1.78895794359885,1.51000646582365,1.22439999814725,1.46439999814725,1.84439999814725
ES,S6C4R,Tail,Observed,91,NaN,1.74901978021664,1.34270000009537,1.66620000004768,2.23177999992371
ES,S6C4R,Tail,H0a POPCDM,NaN,1.35419176399723,1.48915386674251,1.21439999814725,1.44439999814725,1.80439999814725
ES,S6C6NR,Central,Observed,223,NaN,1.41402466369637,1.2320000002861,1.38259999990463,1.63943999996185
ES,S6C6NR,Central,H0a POPCDM,NaN,3.85754056095004,1.47091761669335,1.21439999814725,1.43439999814725,1.76439999814725
ES,S6C6NR,Shoulder,Observed,123,NaN,1.4826715446885,1.23093999996185,1.42120000076294,1.70351999969482
ES,S6C6NR,Shoulder,H0a POPCDM,NaN,1.66954325468411,1.50526477028256,1.22439999814725,1.45439999814725,1.83439999814725
ES,S6C6NR,Tail,Observed,153,NaN,1.60897973854713,1.29240000019073,1.55639999961853,1.9604200000763
ES,S6C6NR,Tail,H0a POPCDM,NaN,2.37878587460469,1.48544896659047,1.21439999814725,1.44439999814725,1.79439999814725
HC,S2C2NR,Central,Observed,329,NaN,1.06780577510613,0.885779999923706,1.04119999980927,1.29736000013351
HC,S2C2NR,Central,H0a POPCDM,NaN,5.2067160520098,1.06769814499821,0.873406964219562,1.04340696421956,1.28340696421956
HC,S2C2NR,Shoulder,Observed,152,NaN,1.07824013153817,0.858590000247956,1.03030000019073,1.33577999997139
HC,S2C2NR,Shoulder,H0a POPCDM,NaN,2.49388673589129,1.07298718879766,0.883406964219562,1.04340696421956,1.29340696421956
HC,S2C2NR,Tail,Observed,18,NaN,1.10596666664547,0.924760000705719,1.06884999990463,1.26895000004768
HC,S2C2NR,Tail,H0a POPCDM,NaN,0.22310011298086,1.07808257069474,0.883406964219562,1.05340696421956,1.30340696421956
HC,S4C2NR,Central,Observed,285,NaN,1.11691859647684,0.903300000190735,1.08180000019073,1.39159999990463
HC,S4C2NR,Central,H0a POPCDM,NaN,5.09324785138973,1.1144063092649,0.903406964219562,1.08340696421956,1.36340696421956
HC,S4C2NR,Shoulder,Observed,174,NaN,1.13241609192717,0.912529999828338,1.07920000004768,1.42502999982834
HC,S4C2NR,Shoulder,H0a POPCDM,NaN,2.49042974542883,1.12129783339091,0.903406964219562,1.08340696421956,1.37340696421956
HC,S4C2NR,Tail,Observed,40,NaN,1.25763749998808,0.942049999713898,1.20590000033378,1.67445000004768
HC,S4C2NR,Tail,H0a POPCDM,NaN,0.343970191920671,1.12452358454254,0.903406964219562,1.09340696421956,1.37340696421956
HC,S4C2R,Central,Observed,337,NaN,1.08336172106712,0.883659999847412,1.05260000038147,1.31583999958038
HC,S4C2R,Central,H0a POPCDM,NaN,5.18649656367867,1.11439767903891,0.903406964219562,1.08340696421956,1.36340696421956
HC,S4C2R,Shoulder,Observed,148,NaN,1.08766621619302,0.877040000104904,1.05369999980927,1.30609000029564
HC,S4C2R,Shoulder,H0a POPCDM,NaN,2.51692688382957,1.12134468611146,0.903406964219562,1.08340696421956,1.37340696421956
HC,S4C2R,Tail,Observed,15,NaN,1.05517999995549,0.887,1.05530000019073,1.18439999961853
HC,S4C2R,Tail,H0a POPCDM,NaN,0.224224341230987,1.12878597562151,0.913406964219562,1.09340696421956,1.38340696421956
HC,S4C4NR,Central,Observed,281,NaN,1.11958647686052,0.924420000457764,1.0797999997139,1.37461999969483
HC,S4C4NR,Central,H0a POPCDM,NaN,5.08262408789307,1.11440731259496,0.903406964219562,1.08340696421956,1.36340696421956
HC,S4C4NR,Shoulder,Observed,172,NaN,1.15221744184161,0.930410000514985,1.11125,1.43433000016212
HC,S4C4NR,Shoulder,H0a POPCDM,NaN,2.48741094415214,1.12129243215155,0.903406964219562,1.08340696421956,1.37340696421956
HC,S4C4NR,Tail,Observed,46,NaN,1.24444130436234,0.974760000324249,1.15735000038147,1.68018000001907
HC,S4C4NR,Tail,H0a POPCDM,NaN,0.357612756694022,1.1242191046629,0.903406964219562,1.09340696421956,1.37340696421956
HC,S6C2NR,Central,Observed,288,NaN,1.1360111110972,0.921040000057221,1.10560000038147,1.38809000029564
HC,S6C2NR,Central,H0a POPCDM,NaN,5.07323385923578,1.17192618862059,0.933406964219562,1.13340696421956,1.45340696421956
HC,S6C2NR,Shoulder,Observed,170,NaN,1.16865000000561,0.945099999904633,1.12045000004768,1.48709999966622
HC,S6C2NR,Shoulder,H0a POPCDM,NaN,2.51858065243191,1.18124293832103,0.933406964219562,1.13340696421956,1.47340696421956
HC,S6C2NR,Tail,Observed,42,NaN,1.17084285714513,0.92925,1.17835000014305,1.36802999997139
HC,S6C2NR,Tail,H0a POPCDM,NaN,0.33803164202785,1.18671108807613,0.943406964219562,1.14340696421956,1.48340696421956
HC,S6C2R,Central,Observed,363,NaN,1.11877823691329,0.907780000114441,1.06430000019073,1.40523999977112
HC,S6C2R,Central,H0a POPCDM,NaN,5.16126796242107,1.17191484628934,0.933406964219562,1.13340696421956,1.45340696421956
HC,S6C2R,Shoulder,Observed,126,NaN,1.13245396825245,0.904019999980927,1.10499999976158,1.4024299996376
HC,S6C2R,Shoulder,H0a POPCDM,NaN,2.54428604472146,1.18130168191568,0.933406964219562,1.13340696421956,1.47340696421956
HC,S6C2R,Tail,Observed,11,NaN,1.14119090921229,0.996020000267026,1.1142999997139,1.3157000002861
HC,S6C2R,Tail,H0a POPCDM,NaN,0.224292146553015,1.19273544792275,0.943406964219562,1.14340696421956,1.49340696421956
HC,S6C4NR,Central,Observed,258,NaN,1.15889457362382,0.946630000019073,1.10789999985695,1.41065000019073
HC,S6C4NR,Central,H0a POPCDM,NaN,4.64219675190089,1.17198793320981,0.933406964219562,1.13340696421956,1.45340696421956
HC,S6C4NR,Shoulder,Observed,171,NaN,1.17143625733727,0.976559999656677,1.14119999980927,1.43036000041961
HC,S6C4NR,Shoulder,H0a POPCDM,NaN,2.39272058758781,1.18093709557591,0.933406964219562,1.13340696421956,1.47340696421956
HC,S6C4NR,Tail,Observed,71,NaN,1.30604084512549,0.993119999694825,1.24089999961853,1.58018000011444
HC,S6C4NR,Tail,H0a POPCDM,NaN,0.894928814206844,1.17931843720825,0.933406964219562,1.13340696421956,1.46340696421956
HC,S6C4R,Central,Observed,310,NaN,1.20813548387404,0.977950000047684,1.17005000019073,1.49805000019073
HC,S6C4R,Central,H0a POPCDM,NaN,5.14820723920177,1.17191650452965,0.933406964219562,1.13340696421956,1.45340696421956
HC,S6C4R,Shoulder,Observed,169,NaN,1.2019573963944,0.987720000076294,1.163,1.46126000003815
HC,S6C4R,Shoulder,H0a POPCDM,NaN,2.54047239748942,1.18129304182736,0.933406964219562,1.13340696421956,1.47340696421956
HC,S6C4R,Tail,Observed,19,NaN,1.24846315785458,0.970560000419617,1.194,1.58385999984741
HC,S6C4R,Tail,H0a POPCDM,NaN,0.241166517004346,1.19148268892487,0.943406964219562,1.14340696421956,1.49340696421956
HC,S6C6NR,Central,Observed,257,NaN,1.18280428016047,0.95178000049591,1.15510000038147,1.45481999969482
HC,S6C6NR,Central,H0a POPCDM,NaN,4.38672144401465,1.17203025636161,0.933406964219562,1.13340696421956,1.45340696421956
HC,S6C6NR,Shoulder,Observed,155,NaN,1.19038516134139,0.961800000190735,1.147,1.4572000002861
HC,S6C6NR,Shoulder,H0a POPCDM,NaN,2.31812343975653,1.18074014749233,0.933406964219562,1.13340696421956,1.47340696421956
HC,S6C6NR,Tail,Observed,88,NaN,1.29485340907899,1.02417000036239,1.2654500002861,1.57546999988556
HC,S6C6NR,Tail,H0a POPCDM,NaN,1.22500126992436,1.17810935652124,0.933406964219562,1.13340696421956,1.46340696421956
PG,S2C2NR,Central,Observed,354,NaN,1.3466262711886,1.03893000030518,1.31280000019074,1.63748999948502
PG,S2C2NR,Central,H0a POPCDM,NaN,6.15701363535076,1.35376733312207,1.06000008624415,1.31000008624415,1.69000008624415
PG,S2C2NR,Shoulder,Observed,129,NaN,1.39185348838244,1.06574000053406,1.38380000019073,1.70325999994278
PG,S2C2NR,Shoulder,H0a POPCDM,NaN,1.61107599891767,1.36537642133944,1.07000008624415,1.32000008624415,1.71000008624415
PG,S2C2NR,Tail,Observed,16,NaN,1.41084999999404,1.07656000027656,1.38255000019073,1.97459000053405
PG,S2C2NR,Tail,H0a POPCDM,NaN,0.142815083346254,1.35948237566784,1.07000008624415,1.32000008624415,1.70000008624415
PG,S4C2NR,Central,Observed,338,NaN,1.32786745563485,1.04157000007629,1.28550000047683,1.69330999994278
PG,S4C2NR,Central,H0a POPCDM,NaN,6.09653829147216,1.37545618807045,1.08000008624415,1.33000008624415,1.72000008624415
PG,S4C2NR,Shoulder,Observed,144,NaN,1.37727847224805,1.10285000019073,1.35679999995232,1.72126000032425
PG,S4C2NR,Shoulder,H0a POPCDM,NaN,1.61467589221525,1.38775333414796,1.08000008624415,1.34000008624415,1.74000008624415
PG,S4C2NR,Tail,Observed,17,NaN,1.65466470606187,1.20000000019074,1.51630000019073,2.35047999992371
PG,S4C2NR,Tail,H0a POPCDM,NaN,0.198070776790406,1.38063455312053,1.08000008624415,1.34000008624415,1.73000008624415
PG,S4C2R,Central,Observed,385,NaN,1.36461766232082,1.06889999961853,1.3212999997139,1.68530000019073
PG,S4C2R,Central,H0a POPCDM,NaN,6.17524618266753,1.37545117166976,1.08000008624415,1.33000008624415,1.72000008624415
PG,S4C2R,Shoulder,Observed,105,NaN,1.42617142856235,1.08060000038147,1.368,1.79569999980927
PG,S4C2R,Shoulder,H0a POPCDM,NaN,1.61985607565949,1.38786525382039,1.08000008624415,1.34000008624415,1.74000008624415
PG,S4C2R,Tail,Observed,9,NaN,1.53043333318499,1.10622000007629,1.44819999980927,2.11411999988556
PG,S4C2R,Tail,H0a POPCDM,NaN,0.114182702150796,1.38256466464375,1.08000008624415,1.34000008624415,1.74000008624415
PG,S4C4NR,Central,Observed,256,NaN,1.3823929687459,1.07100999999046,1.34765000009537,1.75535
PG,S4C4NR,Central,H0a POPCDM,NaN,4.84304235051741,1.37555805492207,1.08000008624415,1.33000008624415,1.72000008624415
PG,S4C4NR,Shoulder,Observed,152,NaN,1.38210460529202,1.04140999999046,1.35435000014305,1.77639999985695
PG,S4C4NR,Shoulder,H0a POPCDM,NaN,1.53217668124488,1.38586890997535,1.08000008624415,1.34000008624415,1.74000008624415
PG,S4C4NR,Tail,Observed,92,NaN,1.50859891306317,1.16051999974251,1.42755000019074,1.99875000009537
PG,S4C4NR,Tail,H0a POPCDM,NaN,1.53406592871552,1.37834661986474,1.08000008624415,1.34000008624415,1.73000008624415
PG,S6C2NR,Central,Observed,340,NaN,1.37875147060226,1.0607999997139,1.36085000014305,1.74
PG,S6C2NR,Central,H0a POPCDM,NaN,6.10530361707633,1.43409892171655,1.11000008624415,1.39000008624415,1.81000008624415
PG,S6C2NR,Shoulder,Observed,141,NaN,1.37711985817023,1.09437999982834,1.349,1.782
PG,S6C2NR,Shoulder,H0a POPCDM,NaN,1.63528322091288,1.44860762048345,1.12000008624415,1.40000008624415,1.84000008624415
PG,S6C2NR,Tail,Observed,18,NaN,1.47898888905843,1.16395999984741,1.36140000009536,1.86580999994278
PG,S6C2NR,Tail,H0a POPCDM,NaN,0.162312492323574,1.44117092606731,1.12000008624415,1.39000008624415,1.83000008624415
PG,S6C2R,Central,Observed,386,NaN,1.42443082900616,1.11219999985695,1.39145000004768,1.77094999995231
PG,S6C2R,Central,H0a POPCDM,NaN,6.12907599953351,1.43409710656112,1.11000008624415,1.39000008624415,1.81000008624415
PG,S6C2R,Shoulder,Observed,104,NaN,1.47153461542496,1.15448000001907,1.4395499997139,1.79436000051498
PG,S6C2R,Shoulder,H0a POPCDM,NaN,1.63694177899255,1.44864687312755,1.12000008624415,1.40000008624415,1.84000008624415
PG,S6C2R,Tail,Observed,9,NaN,1.5798222222858,1.14855999994278,1.56019999980927,2.11654000034332
PG,S6C2R,Tail,H0a POPCDM,NaN,0.13688155178672,1.44192088202333,1.12000008624415,1.39000008624415,1.83000008624415
PG,S6C4NR,Central,Observed,230,NaN,1.35549478258257,1.11249999976158,1.3212999997139,1.62879999995232
PG,S6C4NR,Central,H0a POPCDM,NaN,4.24009769567158,1.43430478885949,1.11000008624415,1.39000008624415,1.81000008624415
PG,S6C4NR,Shoulder,Observed,130,NaN,1.40136692307546,1.12114999961854,1.35035000014305,1.77025
PG,S6C4NR,Shoulder,H0a POPCDM,NaN,1.50515102416043,1.4452581500534,1.12000008624415,1.40000008624415,1.83000008624415
PG,S6C4NR,Tail,Observed,139,NaN,1.50398920867426,1.18458000011444,1.44839999961853,1.85037999992371
PG,S6C4NR,Tail,H0a POPCDM,NaN,2.15765061048077,1.43743796350081,1.11000008624415,1.39000008624415,1.82000008624415
PG,S6C4R,Central,Observed,331,NaN,1.47373141991624,1.15304000024795,1.42290000009537,1.87345999984741
PG,S6C4R,Central,H0a POPCDM,NaN,5.43792303919724,1.43415635671608,1.11000008624415,1.39000008624415,1.81000008624415
PG,S6C4R,Shoulder,Observed,110,NaN,1.49324818187193,1.15915000033378,1.4285,1.82665000009536
PG,S6C4R,Shoulder,H0a POPCDM,NaN,1.58872123026473,1.44747220371049,1.12000008624415,1.40000008624415,1.84000008624415
PG,S6C4R,Tail,Observed,58,NaN,1.56950344826435,1.20518999986649,1.5045,2.05269999952316
PG,S6C4R,Tail,H0a POPCDM,NaN,0.876255060850808,1.43788202360264,1.11000008624415,1.39000008624415,1.82000008624415
PG,S6C6NR,Central,Observed,173,NaN,1.36286763005174,1.09618000011444,1.32790000009537,1.6883
PG,S6C6NR,Central,H0a POPCDM,NaN,3.15207861378716,1.43453738740246,1.11000008624415,1.39000008624415,1.81000008624415
PG,S6C6NR,Shoulder,Observed,121,NaN,1.46534710742619,1.19391999988556,1.41890000009537,1.85233999996185
PG,S6C6NR,Shoulder,H0a POPCDM,NaN,1.42924181134409,1.44302265793673,1.12000008624415,1.40000008624415,1.83000008624415
PG,S6C6NR,Tail,Observed,205,NaN,1.51915951221513,1.2155,1.46319999980927,1.85989999961853
PG,S6C6NR,Tail,H0a POPCDM,NaN,3.32157890518153,1.43733155636966,1.11000008624415,1.39000008624415,1.82000008624415
YL,S2C2NR,Central,Observed,325,NaN,1.29308184615502,1.07969999980927,1.2782999997139,1.53159999990463
YL,S2C2NR,Central,H0a POPCDM,NaN,5.41815239109194,1.29016433830553,1.05603257936463,1.27603257936463,1.54603257936463
YL,S2C2NR,Shoulder,Observed,158,NaN,1.28065126581735,1.06481000013351,1.26359999990463,1.53033000001907
YL,S2C2NR,Shoulder,H0a POPCDM,NaN,2.32845497936615,1.29186740039572,1.05603257936463,1.27603257936463,1.54603257936463
YL,S2C2NR,Tail,Observed,17,NaN,1.32598823536144,1.0984200000763,1.3407000002861,1.63483999986649
YL,S2C2NR,Tail,H0a POPCDM,NaN,0.163346296570969,1.29311543789531,1.06603257936463,1.27603257936463,1.54603257936463
YL,S4C2NR,Central,Observed,272,NaN,1.33342977942088,1.12690999999046,1.29190000009537,1.58796000032425
YL,S4C2NR,Central,H0a POPCDM,NaN,5.06964890424506,1.35101718470229,1.10603257936463,1.32603257936463,1.62603257936463
YL,S4C2NR,Shoulder,Observed,182,NaN,1.36681758241863,1.11471999988556,1.35569999980927,1.62480000019073
YL,S4C2NR,Shoulder,H0a POPCDM,NaN,2.26693151395698,1.35299866884407,1.10603257936463,1.33603257936463,1.62603257936463
YL,S4C2NR,Tail,Observed,46,NaN,1.46422173913665,1.2069,1.38180000019074,1.87226999988556
YL,S4C2NR,Tail,H0a POPCDM,NaN,0.575979505915542,1.35247337148837,1.10603257936463,1.33603257936463,1.62603257936463
YL,S4C2R,Central,Observed,379,NaN,1.32337915566855,1.08599999980927,1.31109999990463,1.58357999992371
YL,S4C2R,Central,H0a POPCDM,NaN,5.42315486228628,1.35100906309471,1.10603257936463,1.32603257936463,1.62603257936463
YL,S4C2R,Shoulder,Observed,121,NaN,1.34019752064618,1.07186000003815,1.33509999990463,1.64601999988556
YL,S4C2R,Shoulder,H0a POPCDM,NaN,2.34963356393261,1.35305689148396,1.10603257936463,1.33603257936463,1.62603257936463
YL,S4C2R,Tail,Observed,0,NaN,NaN,NaN,NaN,NaN
YL,S4C2R,Tail,H0a POPCDM,NaN,0.139771497898693,1.35518186649019,1.10603257936463,1.33603257936463,1.63603257936463
YL,S4C4NR,Central,Observed,243,NaN,1.36430452673327,1.13171999969483,1.35319999980927,1.62691999998093
YL,S4C4NR,Central,H0a POPCDM,NaN,4.66313241568912,1.35102804639938,1.10603257936463,1.32603257936463,1.62603257936463
YL,S4C4NR,Shoulder,Observed,185,NaN,1.35453837835724,1.114,1.34209999990463,1.61239999961853
YL,S4C4NR,Shoulder,H0a POPCDM,NaN,2.17182775067459,1.35292623390818,1.10603257936463,1.33603257936463,1.62603257936463
YL,S4C4NR,Tail,Observed,72,NaN,1.42257083332539,1.11365,1.35884999990463,1.7995900001049
YL,S4C4NR,Tail,H0a POPCDM,NaN,1.07759975775388,1.35206938150196,1.10603257936463,1.32603257936463,1.62603257936463
YL,S6C2NR,Central,Observed,275,NaN,1.38597090909611,1.1615,1.35590000009537,1.6742999997139
YL,S6C2NR,Central,H0a POPCDM,NaN,4.89874490219065,1.44301270611167,1.16603257936463,1.41603257936463,1.75603257936463
YL,S6C2NR,Shoulder,Observed,169,NaN,1.40051834321445,1.14393999986649,1.37690000009537,1.66979999980927
YL,S6C2NR,Shoulder,H0a POPCDM,NaN,2.25404438999522,1.44554037503494,1.16603257936463,1.41603257936463,1.75603257936463
YL,S6C2NR,Tail,Observed,56,NaN,1.41952499999319,1.06006999974251,1.42989999985695,1.76698999991417
YL,S6C2NR,Tail,H0a POPCDM,NaN,0.765839465013791,1.44466871251865,1.16603257936463,1.41603257936463,1.75603257936463
YL,S6C2R,Central,Observed,385,NaN,1.34384233767522,1.076,1.33509999990463,1.6145
YL,S6C2R,Central,H0a POPCDM,NaN,5.39971788583651,1.44299697003054,1.16603257936463,1.41603257936463,1.75603257936463
YL,S6C2R,Shoulder,Observed,111,NaN,1.3796585585534,1.06974000005722,1.37609999990463,1.72283999996185
YL,S6C2R,Shoulder,H0a POPCDM,NaN,2.37445015966631,1.4456476425312,1.16603257936463,1.41603257936463,1.75603257936463
YL,S6C2R,Tail,Observed,4,NaN,1.36027499997616,1.20519999980927,1.38725,1.46140000009537
YL,S6C2R,Tail,H0a POPCDM,NaN,0.144460711696842,1.44851010540035,1.16603257936463,1.42603257936463,1.75603257936463
YL,S6C4NR,Central,Observed,164,NaN,1.47914329268583,1.21930999984742,1.44489999985695,1.77342000017166
YL,S6C4NR,Central,H0a POPCDM,NaN,3.59214691700422,1.44307439987224,1.16603257936463,1.41603257936463,1.75603257936463
YL,S6C4NR,Shoulder,Observed,186,NaN,1.48694838707934,1.23888999981881,1.45210000014305,1.77370999984742
YL,S6C4NR,Shoulder,H0a POPCDM,NaN,1.94001161538897,1.44519795864055,1.16603257936463,1.41603257936463,1.75603257936463
YL,S6C4NR,Tail,Observed,149,NaN,1.52881140936781,1.26948000001907,1.45680000019073,1.88377999992371
YL,S6C4NR,Tail,H0a POPCDM,NaN,2.38647022480647,1.44406224138372,1.16603257936463,1.41603257936463,1.75603257936463
YL,S6C4R,Central,Observed,320,NaN,1.47748281249702,1.18690000009537,1.46629999995232,1.79215000009536
YL,S6C4R,Central,H0a POPCDM,NaN,5.11877596794734,1.44300541537806,1.16603257936463,1.41603257936463,1.75603257936463
YL,S6C4R,Shoulder,Observed,137,NaN,1.4866883211658,1.1944800002098,1.4522000002861,1.83426000003815
YL,S6C4R,Shoulder,H0a POPCDM,NaN,2.3069275008392,1.44558886668384,1.16603257936463,1.41603257936463,1.75603257936463
YL,S6C4R,Tail,Observed,42,NaN,1.62774047619956,1.24890000004768,1.6199500002861,1.91521999993324
YL,S6C4R,Tail,H0a POPCDM,NaN,0.492925288413114,1.44516316786208,1.16603257936463,1.41603257936463,1.75603257936463
YL,S6C6NR,Central,Observed,153,NaN,1.44352679736318,1.17628000011444,1.42719999980927,1.7516799999237
YL,S6C6NR,Central,H0a POPCDM,NaN,3.08578671866118,1.44311235563643,1.16603257936463,1.41603257936463,1.75603257936463
YL,S6C6NR,Shoulder,Observed,155,NaN,1.50429225806575,1.25080000019073,1.432,1.85
YL,S6C6NR,Shoulder,H0a POPCDM,NaN,1.81831106186092,1.44503345844795,1.16603257936463,1.41603257936463,1.75603257936463
YL,S6C6NR,Tail,Observed,191,NaN,1.50707486912093,1.23684000015259,1.48769999980927,1.78596000003815
YL,S6C6NR,Tail,H0a POPCDM,NaN,3.01453097667756,1.44400253157168,1.16603257936463,1.41603257936463,1.75603257936463
