accuracy,all_patch_angles,all_patch_colors,all_patch_orientations,browser_window_height,browser_window_width,correct,duration_ms,experiment,experiment_type,failed_audio,failed_images,failed_video,futurestudyAlert,internal_node_id,is_practice,leave_center_RT,mouse_movement_coords,mouse_movement_rt,num_items,part,patch_angles_from_center,patch_imaginary_circle,patch_indiv_size_radius,points,question_order,redundancy,response,response_RT,response_degrees,response_derotated_degress,response_error_deg,response_orientation_deg,response_radians,rotation,rt,set_size,started_outof_center,stimulus,studyresultsEmail,subexperiment,subject_id,success,tab_away_count,target,target_angle_norotation,target_color,target_orientation,target_patchN,time_elapsed,timeout,too_fast_trigger,too_slow_trigger,trial_condition,trial_event,trial_index,trial_number,trial_type,url,wheel_canvas_height_width
,,,,904,1455,,,Daz2026_Encoding_Online_SubExp3,Multiple Features Effect Hypothesis,[],[],[],True,0.0-0.0,,,,,,,,,,,,,,,,,,,,,,,,,True,3,6809,True,0,,,,,,11,False,,,,,0,,preload,,
,,,,904,1455,,,Daz2026_Encoding_Online_SubExp3,Multiple Features Effect Hypothesis,,,,True,0.0-1.0,,,,,,,,,,,,,,,,,,,,,,,,,True,3,6809,True,0,,,,,,1903,,,,,,1,,fullscreen,,
,,,,904,1455,,,Daz2026_Encoding_Online_SubExp3,Multiple Features Effect Hypothesis,,,,True,0.0-2.0-0.0,,,,,,instructions,,,,,,,,,,,,,,,576,,,,True,3,6809,,0,,,,,,2492,,,,,,2,,external-html,/static_06d9bffc703f14305bb7357074cf1eb6/html/instructions_subexp3.html?subexp=3,
True,,,,904,1455,,,Daz2026_Encoding_Online_SubExp3,Multiple Features Effect Hypothesis,,,,True,0.0-2.0-1.0,,,,,,check,,,,,[0],,{'check1': 'Recall the orientation of one colored orientation bar.'},,,,,,,,1732,,,,True,3,6809,,0,,,,,,4226,,,,,,3,,survey-multi-choice,,
True,,,,904,1455,,,Daz2026_Encoding_Online_SubExp3,Multiple Features Effect Hypothesis,,,,True,0.0-2.0-2.0,,,,,,check,,,,,[0],,{'check2': 'Either 4 or 6.'},,,,,,,,1669,,,,True,3,6809,,0,,,,,,5897,,,,,,4,,survey-multi-choice,,
True,,,,904,1455,,,Daz2026_Encoding_Online_SubExp3,Multiple Features Effect Hypothesis,,,,True,0.0-2.0-3.0,,,,,,check,,,,,[0],,{'check3': 'Using mouse movement and click.'},,,,,,,,1746,,,,True,3,6809,,0,,,,,,7645,,,,,,5,,survey-multi-choice,,
,,,,904,1455,,,Daz2026_Encoding_Online_SubExp3,Multiple Features Effect Hypothesis,,,,True,0.0-3.0,,,,,,,,,,,,, ,,,,,,,,445,,,Thank you for completing our bot check and welcome to the study! Press any key to read the plain language statement.,True,3,6809,,0,,,,,,8092,,,,,,6,,html-keyboard-response,,
,,,,904,1455,,,Daz2026_Encoding_Online_SubExp3,Multiple Features Effect Hypothesis,,,,True,0.0-4.0,,,,,,statement,,,,,,,,,,,,,,,887,,,,True,3,6809,,0,,,,,,8989,,,,,,7,,external-html,/static_06d9bffc703f14305bb7357074cf1eb6/html/plain-language-statement.html,
,,,,904,1455,,,Daz2026_Encoding_Online_SubExp3,Multiple Features Effect Hypothesis,,,,True,0.0-5.0,,,,,,consent,,,,,,,,,,,,,,,3705,,,,True,3,6809,,0,,,,,,12701,,,,,,8,,external-html,/static_06d9bffc703f14305bb7357074cf1eb6/html/consent.html,
,,,,904,1455,,,Daz2026_Encoding_Online_SubExp3,Multiple Features Effect Hypothesis,,,,True,0.0-6.0,,,,,,colorblind,,,,,[0],,{'colorblind': 'No'},,,,,,,,1828,,,,True,3,6809,,0,,,,,,14530,,,,,,9,,survey-multi-choice,,
,,,,904,1455,,,Daz2026_Encoding_Online_SubExp3,Multiple Features Effect Hypothesis,,,,True,0.0-7.0,,,,,,age,,,,,,,{'age': '44'},,,,,,,,2423,,,,True,3,6809,,0,,,,,,16957,,,,,,10,,survey-text,,
,,,,904,1455,,,Daz2026_Encoding_Online_SubExp3,Multiple Features Effect Hypothesis,,,,True,0.0-8.0,,,,,,gender,,,,,[0],,{'gender': 'Man'},,,,,,,,1727,,,,True,3,6809,,0,,,,,,18685,,,,,,11,,survey-multi-choice,,
,,,,904,1455,False,,Daz2026_Encoding_Online_SubExp3,Multiple Features Effect Hypothesis,,,,True,0.0-9.0,,,,,,,,,,,,, ,,,,,,,,639,,,/static_06d9bffc703f14305bb7357074cf1eb6/images/subexp3/Stim.png,True,3,6809,,0,,,,,,19327,,,,,,12,,categorize-image,,
,,,,904,1455,False,,Daz2026_Encoding_Online_SubExp3,Multiple Features Effect Hypothesis,,,,True,0.0-10.0,,,,,,,,,,,,, ,,,,,,,,5488,,,/static_06d9bffc703f14305bb7357074cf1eb6/images/Subexp3/ResponseBar.png,True,3,6809,,0,,,,,,24816,,,,,,13,,categorize-image,,
,,,,904,1455,False,,Daz2026_Encoding_Online_SubExp3,Multiple Features Effect Hypothesis,,,,True,0.0-11.0,,,,,,,,,,,,, ,,,,,,,,4019,,,/static_06d9bffc703f14305bb7357074cf1eb6/images/Subexp3/Response1.png,True,3,6809,,0,,,,,,28837,,,,,,14,,categorize-image,,
,,,,904,1455,False,,Daz2026_Encoding_Online_SubExp3,Multiple Features Effect Hypothesis,,,,True,0.0-12.0,,,,,,,,,,,,, ,,,,,,,,3403,,,/static_06d9bffc703f14305bb7357074cf1eb6/images/Subexp3/Response2.png,True,3,6809,,0,,,,,,32243,,,,,,15,,categorize-image,,
,,,,904,1455,False,,Daz2026_Encoding_Online_SubExp3,Multiple Features Effect Hypothesis,,,,True,0.0-13.0,,,,,,,,,,,,, ,,,,,,,,2966,,,/static_06d9bffc703f14305bb7357074cf1eb6/images/Subexp3/Exp_Feedback.png,True,3,6809,,0,,,,,,35226,,,,,,16,,categorize-image,,
,,,,904,1455,,,Daz2026_Encoding_Online_SubExp3,Multiple Features Effect Hypothesis,,,,True,0.0-14.0,,,,,,,,,,,,, ,,,,,,,,1934,,,We will begin some practice trials. <p> Ensure the mouse is in the center of the screen at the start of each response. <p> You will be told if you move away from the center too quickly or too slowly. <p> Press any key to begin.,True,3,6809,,0,,,,,,37160,,,,,,17,,html-keyboard-response,,
,,,,904,1455,,200,Daz2026_Encoding_Online_SubExp3,Multiple Features Effect Hypothesis,,,,True,0.0-15.0,True,,,,,,,,,,,,0,,,,,,,,2603,4,,Press to proceed to the next practice trial,True,3,6809,,0,1,,,,,39764,,,,R-cue,practice_trial_start_event,18,1,html-button-response,,
,,,,904,1455,,,Daz2026_Encoding_Online_SubExp3,Multiple Features Effect Hypothesis,,,,True,0.0-16.0,,,,,,,,,,,,,,,,,,,,,,,,"<div style=""position: fixed; inset: 0; display: flex; align-items: center; justify-content: center; font-size:25px;"">+</div>",True,3,6809,,0,,,,,,40767,,,,,practice_fixation,19,,html-keyboard-response,,
,"[304, 90, 244, 90]","[[227.52, 0, 238.44], [169.01, 177.18, 0], [0, 185.04, 255], [169.01, 177.18, 0]]","[28, 151, 176, 151]",904,1455,,200,Daz2026_Encoding_Online_SubExp3,Multiple Features Effect Hypothesis,,,,True,0.0-17.0,True,[],[],[],4,,"[253, 73, 163, 343]",87.4,21,[],,,,[],[],[],[],,[],0,,4,[False],,True,3,6809,,0,1,,,,,40973,[False],[False],[False],R-cue,practice_orientation_bars_display_event,20,1,confidence-wheel,,"[874, 1396]"
,[],[],,904,1455,,,Daz2026_Encoding_Online_SubExp3,Multiple Features Effect Hypothesis,,,,True,0.0-18.0,,[],[],[],0,,[],87.4,21,[],,,,[],[],[],[],,[],0,,,[False],,True,3,6809,,0,,,,,,41727,[False],[False],[False],,practice_retention_interval,21,1,confidence-wheel,,"[874, 1396]"
,"[304, 90, 244, 90]","[[227.52, 0, 238.44], [169.01, 177.18, 0], [0, 185.04, 255], [169.01, 177.18, 0]]","[28, 151, 176, 151]",904,1455,,,Daz2026_Encoding_Online_SubExp3,Multiple Features Effect Hypothesis,,,,True,0.0-19.0,True,[],[],[],4,,"[253, 73, 163, 343]",87.4,21,[82],,,,[1406.7999999821186],[134.70000000000002],[134.70000000000002],[-16.299999999999983],,[2.350958502436362],[27],,4,[False],,True,3,6809,,0,1,90,"[169.01, 177.18, 0]",151,2,44143,[False],[False],[False],R-cue,practice_orientation_response_event,22,1,confidence-wheel,,"[874, 1396]"
,,,,904,1455,,100,Daz2026_Encoding_Online_SubExp3,Multiple Features Effect Hypothesis,,,,True,0.0-20.0,True,,,,,,,,,,,,0,,,,,,,,363,4,,Press to proceed to the next practice trial,True,3,6809,,0,1,,,,,44507,,,,Baseline,practice_trial_start_event,23,2,html-button-response,,
,,,,904,1455,,,Daz2026_Encoding_Online_SubExp3,Multiple Features Effect Hypothesis,,,,True,0.0-21.0,,,,,,,,,,,,,,,,,,,,,,,,"<div style=""position: fixed; inset: 0; display: flex; align-items: center; justify-content: center; font-size:25px;"">+</div>",True,3,6809,,0,,,,,,45510,,,,,practice_fixation,24,,html-keyboard-response,,
,"[256, 205, 289, 24]","[[0, 132.69, 255], [0, 241.72, 255], [197.77, 53.91, 255], [225.36, 93.54, 0]]","[78, 28, 57, 111]",904,1455,,100,Daz2026_Encoding_Online_SubExp3,Multiple Features Effect Hypothesis,,,,True,0.0-22.0,True,[],[],[],4,,"[118, 28, 298, 208]",87.4,21,[],,,,[],[],[],[],,[],0,,4,[False],,True,3,6809,,0,1,,,,,45613,[False],[False],[False],Baseline,practice_orientation_bars_display_event,25,2,confidence-wheel,,"[874, 1396]"
,[],[],,904,1455,,,Daz2026_Encoding_Online_SubExp3,Multiple Features Effect Hypothesis,,,,True,0.0-23.0,,[],[],[],0,,[],87.4,21,[],,,,[],[],[],[],,[],0,,,[False],,True,3,6809,,0,,,,,,46366,[False],[False],[False],,practice_retention_interval,26,2,confidence-wheel,,"[874, 1396]"
,"[256, 205, 289, 24]","[[0, 132.69, 255], [0, 241.72, 255], [197.77, 53.91, 255], [225.36, 93.54, 0]]","[78, 28, 57, 111]",904,1455,,,Daz2026_Encoding_Online_SubExp3,Multiple Features Effect Hypothesis,,,,True,0.0-24.0,True,[],[],[],4,,"[118, 28, 298, 208]",87.4,21,[69],,,,[232.19999998807907],[0],[0],[-28],,[0],[27],,4,[False],,True,3,6809,,0,1,205,"[0, 241.72, 255]",28,2,47604,[False],[False],[False],Baseline,practice_orientation_response_event,27,2,confidence-wheel,,"[874, 1396]"
,,,,904,1455,,200,Daz2026_Encoding_Online_SubExp3,Multiple Features Effect Hypothesis,,,,True,0.0-25.0,True,,,,,,,,,,,,0,,,,,,,,523,6,,Press to proceed to the next practice trial,True,3,6809,,0,0,,,,,48128,,,,NR-cue,practice_trial_start_event,28,3,html-button-response,,
,,,,904,1455,,,Daz2026_Encoding_Online_SubExp3,Multiple Features Effect Hypothesis,,,,True,0.0-26.0,,,,,,,,,,,,,,,,,,,,,,,,"<div style=""position: fixed; inset: 0; display: flex; align-items: center; justify-content: center; font-size:25px;"">+</div>",True,3,6809,,0,,,,,,49131,,,,,practice_fixation,29,,html-keyboard-response,,
,"[300, 144, 7, 144, 144, 265]","[[220.49, 7.89, 243.68], [0, 201.2, 125.15], [236.23, 61.34, 89.52], [0, 201.2, 125.15], [0, 201.2, 125.15], [101.9, 109.24, 255]]","[32, 104, 78, 104, 104, 140]",904,1455,,200,Daz2026_Encoding_Online_SubExp3,Multiple Features Effect Hypothesis,,,,True,0.0-27.0,True,[],[],[],6,,"[123, 183, 303, 3, 243, 63]",87.4,21,[],,,,[],[],[],[],,[],0,,6,[False],,True,3,6809,,0,0,,,,,49334,[False],[False],[False],NR-cue,practice_orientation_bars_display_event,30,3,confidence-wheel,,"[874, 1396]"
,[],[],,904,1455,,,Daz2026_Encoding_Online_SubExp3,Multiple Features Effect Hypothesis,,,,True,0.0-28.0,,[],[],[],0,,[],87.4,21,[],,,,[],[],[],[],,[],0,,,[False],,True,3,6809,,0,,,,,,50087,[False],[False],[False],,practice_retention_interval,31,3,confidence-wheel,,"[874, 1396]"
,"[300, 144, 7, 144, 144, 265]","[[220.49, 7.89, 243.68], [0, 201.2, 125.15], [236.23, 61.34, 89.52], [0, 201.2, 125.15], [0, 201.2, 125.15], [101.9, 109.24, 255]]","[32, 104, 78, 104, 104, 140]",904,1455,,,Daz2026_Encoding_Online_SubExp3,Multiple Features Effect Hypothesis,,,,True,0.0-29.0,True,[],[],[],6,,"[123, 183, 303, 3, 243, 63]",87.4,21,[23],,,,[1354.4000000059605],[101.10000000000001],[101.10000000000001],[69.10000000000002],,[1.7645278737662673],[27],,6,[False],,True,3,6809,,0,0,300,"[220.49, 7.89, 243.68]",32,1,52444,[False],[False],[False],NR-cue,practice_orientation_response_event,32,3,confidence-wheel,,"[874, 1396]"
,,,,904,1455,,200,Daz2026_Encoding_Online_SubExp3,Multiple Features Effect Hypothesis,,,,True,0.0-30.0,True,,,,,,,,,,,,0,,,,,,,,384,6,,Press to proceed to the next practice trial,True,3,6809,,0,3,,,,,52829,,,,R-cue,practice_trial_start_event,33,4,html-button-response,,
,,,,904,1455,,,Daz2026_Encoding_Online_SubExp3,Multiple Features Effect Hypothesis,,,,True,0.0-31.0,,,,,,,,,,,,,,,,,,,,,,,,"<div style=""position: fixed; inset: 0; display: flex; align-items: center; justify-content: center; font-size:25px;"">+</div>",True,3,6809,,0,,,,,,53831,,,,,practice_fixation,34,,html-keyboard-response,,
,"[347, 140, 299, 140, 140, 269]","[[245.92, 11.98, 147.9], [0, 195.52, 109.14], [218.78, 15.32, 245.1], [0, 195.52, 109.14], [0, 195.52, 109.14], [125.61, 101.53, 255]]","[41, 74, 109, 74, 74, 15]",904,1455,,200,Daz2026_Encoding_Online_SubExp3,Multiple Features Effect Hypothesis,,,,True,0.0-32.0,True,[],[],[],6,,"[307, 67, 187, 127, 7, 247]",87.4,21,[],,,,[],[],[],[],,[],0,,6,[False],,True,3,6809,,0,3,,,,,54034,[False],[False],[False],R-cue,practice_orientation_bars_display_event,35,4,confidence-wheel,,"[874, 1396]"
,[],[],,904,1455,,,Daz2026_Encoding_Online_SubExp3,Multiple Features Effect Hypothesis,,,,True,0.0-33.0,,[],[],[],0,,[],87.4,21,[],,,,[],[],[],[],,[],0,,,[False],,True,3,6809,,0,,,,,,54787,[False],[False],[False],,practice_retention_interval,36,4,confidence-wheel,,"[874, 1396]"
,"[347, 140, 299, 140, 140, 269]","[[245.92, 11.98, 147.9], [0, 195.52, 109.14], [218.78, 15.32, 245.1], [0, 195.52, 109.14], [0, 195.52, 109.14], [125.61, 101.53, 255]]","[41, 74, 109, 74, 74, 15]",904,1455,,,Daz2026_Encoding_Online_SubExp3,Multiple Features Effect Hypothesis,,,,True,0.0-34.0,True,[],[],[],6,,"[307, 67, 187, 127, 7, 247]",87.4,21,[90],,,,[674.7999999821186],[65.4],[65.4],[-8.599999999999994],,[1.1414453308042916],[27],,6,[False],,True,3,6809,,0,3,140,"[0, 195.52, 109.14]",74,4,56464,[False],[False],[False],R-cue,practice_orientation_response_event,37,4,confidence-wheel,,"[874, 1396]"
,,,,904,1455,,100,Daz2026_Encoding_Online_SubExp3,Multiple Features Effect Hypothesis,,,,True,0.0-35.0,True,,,,,,,,,,,,0,,,,,,,,578,6,,Press to proceed to the next practice trial,True,3,6809,,0,3,,,,,57043,,,,NR-cue,practice_trial_start_event,38,5,html-button-response,,
,,,,904,1455,,,Daz2026_Encoding_Online_SubExp3,Multiple Features Effect Hypothesis,,,,True,0.0-36.0,,,,,,,,,,,,,,,,,,,,,,,,"<div style=""position: fixed; inset: 0; display: flex; align-items: center; justify-content: center; font-size:25px;"">+</div>",True,3,6809,,0,,,,,,58045,,,,,practice_fixation,39,,html-keyboard-response,,
,"[185, 185, 48, 94, 218, 185]","[[0, 239.31, 229.16], [0, 239.31, 229.16], [216.14, 145.27, 0], [161.79, 178.23, 0], [0, 234.43, 255], [0, 239.31, 229.16]]","[95, 95, 37, 7, 158, 95]",904,1455,,100,Daz2026_Encoding_Online_SubExp3,Multiple Features Effect Hypothesis,,,,True,0.0-37.0,True,[],[],[],6,,"[152, 332, 92, 32, 272, 212]",87.4,21,[],,,,[],[],[],[],,[],0,,6,[False],,True,3,6809,,0,3,,,,,58148,[False],[False],[False],NR-cue,practice_orientation_bars_display_event,40,5,confidence-wheel,,"[874, 1396]"
,[],[],,904,1455,,,Daz2026_Encoding_Online_SubExp3,Multiple Features Effect Hypothesis,,,,True,0.0-38.0,,[],[],[],0,,[],87.4,21,[],,,,[],[],[],[],,[],0,,,[False],,True,3,6809,,0,,,,,,58902,[False],[False],[False],,practice_retention_interval,41,5,confidence-wheel,,"[874, 1396]"
,"[185, 185, 48, 94, 218, 185]","[[0, 239.31, 229.16], [0, 239.31, 229.16], [216.14, 145.27, 0], [161.79, 178.23, 0], [0, 234.43, 255], [0, 239.31, 229.16]]","[95, 95, 37, 7, 158, 95]",904,1455,,,Daz2026_Encoding_Online_SubExp3,Multiple Features Effect Hypothesis,,,,True,0.0-39.0,True,[],[],[],6,,"[152, 332, 92, 32, 272, 212]",87.4,21,[78],,,,[1225.800000011921],[26.699999999999992],[26.699999999999992],[19.69999999999999],,[0.46600291028248586],[27],,6,[False],,True,3,6809,,0,3,94,"[161.79, 178.23, 0]",7,4,61131,[False],[False],[False],NR-cue,practice_orientation_response_event,42,5,confidence-wheel,,"[874, 1396]"
,,,,904,1455,,,Daz2026_Encoding_Online_SubExp3,Multiple Features Effect Hypothesis,,,,True,0.0-40.0,,,,,,,,,,,,,,,,,,,,,,,,,True,3,6809,,0,,,,,,61132,,,,,,43,,call-function,,
,,,,904,1455,,,Daz2026_Encoding_Online_SubExp3,Multiple Features Effect Hypothesis,,,,True,0.0-41.0,,,,,,,,,,,,, ,,,,,,,,1029,,,"Excellent! <p> You are now ready to begin the main experiment. <p> Proceed at your own pace. As a rough guideline, the experiment should take about 50min to complete. <p> When ready, press any key to start the main experiment.",True,3,6809,,0,,,,,,62162,,,,,,44,,html-keyboard-response,,
,,,,904,1455,,,Daz2026_Encoding_Online_SubExp3,Multiple Features Effect Hypothesis,,,,True,0.0-42.0,,,,,,,,,,,,,,,,,,,,,,,,,True,3,6809,,0,,,,,,63106,,,,,,45,,AdvanceWithPlot,,
,,,,904,1455,,,Daz2026_Encoding_Online_SubExp3,Multiple Features Effect Hypothesis,,,,True,0.0-43.0,,,,,,,,,,,,,,,,,,,,,,6,,"<div style=""position: fixed; inset: 0; display: flex; align-items: center; justify-content: center; font-size:25px;"">+</div>",True,3,6809,,0,,,,,,64108,,,,R-cue,fixation,46,1,html-keyboard-response,,
,"[195, 148, 195, 230, 278, 195]","[[0, 242.24, 246.33], [0, 206.52, 139.19], [0, 242.24, 246.33], [0, 218.85, 255], [164.62, 82.2, 255], [0, 242.24, 246.33]]","[35, 61, 35, 174, 10, 35]",904,1455,,50,Daz2026_Encoding_Online_SubExp3,Multiple Features Effect Hypothesis,,,,True,0.0-44.0,False,[],[],[],6,,"[101, 41, 341, 161, 281, 221]",87.4,21,[],,,,[],[],[],[],,[],0,,6,[False],,True,3,6809,,0,2,,,,,64161,[False],[False],[False],R-cue,orientation_bars_display_event,47,1,confidence-wheel,,"[874, 1396]"
,[],[],,904,1455,,,Daz2026_Encoding_Online_SubExp3,Multiple Features Effect Hypothesis,,,,True,0.0-45.0,,[],[],[],0,,[],87.4,21,[],,,,[],[],[],[],,[],0,,6,[False],,True,3,6809,,0,,,,,,64914,[False],[False],[False],R-cue,retention_interval,48,1,confidence-wheel,,"[874, 1396]"
,"[195, 148, 195, 230, 278, 195]","[[0, 242.24, 246.33], [0, 206.52, 139.19], [0, 242.24, 246.33], [0, 218.85, 255], [164.62, 82.2, 255], [0, 242.24, 246.33]]","[35, 61, 35, 174, 10, 35]",904,1455,,,Daz2026_Encoding_Online_SubExp3,Multiple Features Effect Hypothesis,,,,True,0.0-46.0,False,[],[],[],6,,"[101, 41, 341, 161, 281, 221]",87.4,21,[99],,,,[1213.199999988079],[34.199999999999996],[34.199999999999996],[-0.8000000000000114],,[0.5969026041820606],[27],,6,[False],,True,3,6809,,0,2,195,"[0, 242.24, 246.33]",35,3,67131,[False],[False],[False],,orientation_response_event,49,1,confidence-wheel,,"[874, 1396]"
,,,,904,1455,,,Daz2026_Encoding_Online_SubExp3,Multiple Features Effect Hypothesis,,,,True,0.0-47.0,,,,,,,,,,,,,,,,,,,,,,,,,True,3,6809,,0,,,,,,68843,,,,,,50,,AdvanceWithPlot,,
,,,,904,1455,,,Daz2026_Encoding_Online_SubExp3,Multiple Features Effect Hypothesis,,,,True,0.0-48.0,,,,,,,,,,,,,,,,,,,,,,4,,"<div style=""position: fixed; inset: 0; display: flex; align-items: center; justify-content: center; font-size:25px;"">+</div>",True,3,6809,,0,,,,,,69844,,,,Baseline,fixation,51,2,html-keyboard-response,,
,"[54, 93, 146, 248]","[[211.91, 152.79, 0], [163.66, 178, 0], [0, 203.9, 132.37], [0, 170.91, 255]]","[171, 130, 85, 65]",904,1455,,100,Daz2026_Encoding_Online_SubExp3,Multiple Features Effect Hypothesis,,,,True,0.0-49.0,False,[],[],[],4,,"[261, 351, 171, 81]",87.4,21,[],,,,[],[],[],[],,[],0,,4,[False],,True,3,6809,,0,3,,,,,69946,[False],[False],[False],Baseline,orientation_bars_display_event,52,2,confidence-wheel,,"[874, 1396]"
,[],[],,904,1455,,,Daz2026_Encoding_Online_SubExp3,Multiple Features Effect Hypothesis,,,,True,0.0-50.0,,[],[],[],0,,[],87.4,21,[],,,,[],[],[],[],,[],0,,4,[False],,True,3,6809,,0,,,,,,70699,[False],[False],[False],Baseline,retention_interval,53,2,confidence-wheel,,"[874, 1396]"
,"[54, 93, 146, 248]","[[211.91, 152.79, 0], [163.66, 178, 0], [0, 203.9, 132.37], [0, 170.91, 255]]","[171, 130, 85, 65]",904,1455,,,Daz2026_Encoding_Online_SubExp3,Multiple Features Effect Hypothesis,,,,True,0.0-51.0,False,[],[],[],4,,"[261, 351, 171, 81]",87.4,21,[99],,,,[1970.5],[66.00000000000004],[66.00000000000004],[1.0000000000000426],,[1.1519173063162582],[27],,4,[False],,True,3,6809,,0,3,248,"[0, 170.91, 255]",65,4,73673,[False],[False],[False],,orientation_response_event,54,2,confidence-wheel,,"[874, 1396]"
,,,,904,1455,,,Daz2026_Encoding_Online_SubExp3,Multiple Features Effect Hypothesis,,,,True,0.0-52.0,,,,,,,,,,,,,,,,,,,,,,,,,True,3,6809,,0,,,,,,74296,,,,,,55,,AdvanceWithPlot,,
,,,,904,1455,,,Daz2026_Encoding_Online_SubExp3,Multiple Features Effect Hypothesis,,,,True,0.0-53.0,,,,,,,,,,,,,,,,,,,,,,6,,"<div style=""position: fixed; inset: 0; display: flex; align-items: center; justify-content: center; font-size:25px;"">+</div>",True,3,6809,,0,,,,,,75299,,,,Baseline,fixation,56,3,html-keyboard-response,,
,"[339, 236, 280, 183, 134, 76]","[[248.38, 0, 169.3], [0, 206.84, 255], [171.61, 77.5, 255], [0, 238.36, 225.42], [0, 186.29, 78.43], [189.75, 171.14, 0]]","[147, 72, 122, 179, 8, 39]",904,1455,,50,Daz2026_Encoding_Online_SubExp3,Multiple Features Effect Hypothesis,,,,True,0.0-54.0,False,[],[],[],6,,"[332, 32, 152, 272, 92, 212]",87.4,21,[],,,,[],[],[],[],,[],0,,6,[False],,True,3,6809,,0,5,,,,,75353,[False],[False],[False],Baseline,orientation_bars_display_event,57,3,confidence-wheel,,"[874, 1396]"
,[],[],,904,1455,,,Daz2026_Encoding_Online_SubExp3,Multiple Features Effect Hypothesis,,,,True,0.0-55.0,,[],[],[],0,,[],87.4,21,[],,,,[],[],[],[],,[],0,,6,[False],,True,3,6809,,0,,,,,,76105,[False],[False],[False],Baseline,retention_interval,58,3,confidence-wheel,,"[874, 1396]"
,"[339, 236, 280, 183, 134, 76]","[[248.38, 0, 169.3], [0, 206.84, 255], [171.61, 77.5, 255], [0, 238.36, 225.42], [0, 186.29, 78.43], [189.75, 171.14, 0]]","[147, 72, 122, 179, 8, 39]",904,1455,,,Daz2026_Encoding_Online_SubExp3,Multiple Features Effect Hypothesis,,,,True,0.0-56.0,False,[],[],[],6,,"[332, 32, 152, 272, 92, 212]",87.4,21,[97],,,,[1316.7999999821186],[35.999999999999936],[35.999999999999936],[-3.000000000000057],,[0.6283185307179575],[27],,6,[False],,True,3,6809,,0,5,76,"[189.75, 171.14, 0]",39,6,78426,[False],[False],[False],,orientation_response_event,59,3,confidence-wheel,,"[874, 1396]"
,,,,904,1455,,,Daz2026_Encoding_Online_SubExp3,Multiple Features Effect Hypothesis,,,,True,0.0-57.0,,,,,,,,,,,,,,,,,,,,,,,,,True,3,6809,,0,,,,,,78825,,,,,,60,,AdvanceWithPlot,,
,,,,904,1455,,,Daz2026_Encoding_Online_SubExp3,Multiple Features Effect Hypothesis,,,,True,0.0-58.0,,,,,,,,,,,,,,,,,,,,,,4,,"<div style=""position: fixed; inset: 0; display: flex; align-items: center; justify-content: center; font-size:25px;"">+</div>",True,3,6809,,0,,,,,,79828,,,,NR-cue,fixation,61,4,html-keyboard-response,,
,"[162, 47, 1, 47]","[[0, 222.48, 179.41], [216.77, 143.88, 0], [239.94, 50.83, 109.19], [216.77, 143.88, 0]]","[61, 96, 120, 96]",904,1455,,200,Daz2026_Encoding_Online_SubExp3,Multiple Features Effect Hypothesis,,,,True,0.0-59.0,False,[],[],[],4,,"[85, 355, 175, 265]",87.4,21,[],,,,[],[],[],[],,[],0,,4,[False],,True,3,6809,,0,2,,,,,80031,[False],[False],[False],NR-cue,orientation_bars_display_event,62,4,confidence-wheel,,"[874, 1396]"
,[],[],,904,1455,,,Daz2026_Encoding_Online_SubExp3,Multiple Features Effect Hypothesis,,,,True,0.0-60.0,,[],[],[],0,,[],87.4,21,[],,,,[],[],[],[],,[],0,,4,[False],,True,3,6809,,0,,,,,,80783,[False],[False],[False],NR-cue,retention_interval,63,4,confidence-wheel,,"[874, 1396]"
,"[162, 47, 1, 47]","[[0, 222.48, 179.41], [216.77, 143.88, 0], [239.94, 50.83, 109.19], [216.77, 143.88, 0]]","[61, 96, 120, 96]",904,1455,,,Daz2026_Encoding_Online_SubExp3,Multiple Features Effect Hypothesis,,,,True,0.0-61.0,False,[],[],[],4,,"[85, 355, 175, 265]",87.4,21,[95],,,,[1205.9000000059605],[115.19999999999999],[115.19999999999999],[-4.800000000000011],,[2.0106192982974673],[27],,4,[False],,True,3,6809,,0,2,1,"[239.94, 50.83, 109.19]",120,3,82991,[False],[False],[False],,orientation_response_event,64,4,confidence-wheel,,"[874, 1396]"
,,,,904,1455,,,Daz2026_Encoding_Online_SubExp3,Multiple Features Effect Hypothesis,,,,True,0.0-62.0,,,,,,,,,,,,,,,,,,,,,,,,,True,3,6809,,0,,,,,,83367,,,,,,65,,AdvanceWithPlot,,
,,,,904,1455,,,Daz2026_Encoding_Online_SubExp3,Multiple Features Effect Hypothesis,,,,True,0.0-63.0,,,,,,,,,,,,,,,,,,,,,,4,,"<div style=""position: fixed; inset: 0; display: flex; align-items: center; justify-content: center; font-size:25px;"">+</div>",True,3,6809,,0,,,,,,84369,,,,R-cue,fixation,66,5,html-keyboard-response,,
,"[331, 83, 25, 25]","[[248.99, 0, 188.9], [180.16, 174.63, 0], [225.24, 96.93, 0], [225.24, 96.93, 0]]","[73, 174, 147, 147]",904,1455,,200,Daz2026_Encoding_Online_SubExp3,Multiple Features Effect Hypothesis,,,,True,0.0-64.0,False,[],[],[],4,,"[318, 48, 228, 138]",87.4,21,[],,,,[],[],[],[],,[],0,,4,[False],,True,3,6809,,0,3,,,,,84572,[False],[False],[False],R-cue,orientation_bars_display_event,67,5,confidence-wheel,,"[874, 1396]"
,[],[],,904,1455,,,Daz2026_Encoding_Online_SubExp3,Multiple Features Effect Hypothesis,,,,True,0.0-65.0,,[],[],[],0,,[],87.4,21,[],,,,[],[],[],[],,[],0,,4,[False],,True,3,6809,,0,,,,,,85325,[False],[False],[False],R-cue,retention_interval,68,5,confidence-wheel,,"[874, 1396]"
,"[331, 83, 25, 25]","[[248.99, 0, 188.9], [180.16, 174.63, 0], [225.24, 96.93, 0], [225.24, 96.93, 0]]","[73, 174, 147, 147]",904,1455,,,Daz2026_Encoding_Online_SubExp3,Multiple Features Effect Hypothesis,,,,True,0.0-66.0,False,[],[],[],4,,"[318, 48, 228, 138]",87.4,21,[4],,,,[2058.2999999821186],[60.299999999999976],[60.299999999999976],[-86.70000000000002],,[1.0524335389525803],[27],,4,[False],,True,3,6809,,0,3,25,"[225.24, 96.93, 0]",147,4,88387,[False],[False],[False],,orientation_response_event,69,5,confidence-wheel,,"[874, 1396]"
,,,,904,1455,,,Daz2026_Encoding_Online_SubExp3,Multiple Features Effect Hypothesis,,,,True,0.0-67.0,,,,,,,,,,,,,,,,,,,,,,,,,True,3,6809,,0,,,,,,89124,,,,,,70,,AdvanceWithPlot,,
,,,,904,1455,,,Daz2026_Encoding_Online_SubExp3,Multiple Features Effect Hypothesis,,,,True,0.0-68.0,,,,,,,,,,,,,,,,,,,,,,6,,"<div style=""position: fixed; inset: 0; display: flex; align-items: center; justify-content: center; font-size:25px;"">+</div>",True,3,6809,,0,,,,,,90127,,,,Baseline,fixation,71,6,html-keyboard-response,,
,"[248, 47, 306, 141, 350, 82]","[[0, 170.91, 255], [216.77, 143.88, 0], [230.71, 0, 235.7], [0, 196.97, 113.37], [244.99, 24.33, 140.16], [181.62, 174.19, 0]]","[172, 55, 28, 86, 121, 150]",904,1455,,100,Daz2026_Encoding_Online_SubExp3,Multiple Features Effect Hypothesis,,,,True,0.0-69.0,False,[],[],[],6,,"[23, 143, 263, 203, 83, 323]",87.4,21,[],,,,[],[],[],[],,[],0,,6,[False],,True,3,6809,,0,4,,,,,90230,[False],[False],[False],Baseline,orientation_bars_display_event,72,6,confidence-wheel,,"[874, 1396]"
,[],[],,904,1455,,,Daz2026_Encoding_Online_SubExp3,Multiple Features Effect Hypothesis,,,,True,0.0-70.0,,[],[],[],0,,[],87.4,21,[],,,,[],[],[],[],,[],0,,6,[False],,True,3,6809,,0,,,,,,90983,[False],[False],[False],Baseline,retention_interval,73,6,confidence-wheel,,"[874, 1396]"
,"[248, 47, 306, 141, 350, 82]","[[0, 170.91, 255], [216.77, 143.88, 0], [230.71, 0, 235.7], [0, 196.97, 113.37], [244.99, 24.33, 140.16], [181.62, 174.19, 0]]","[172, 55, 28, 86, 121, 150]",904,1455,,,Daz2026_Encoding_Online_SubExp3,Multiple Features Effect Hypothesis,,,,True,0.0-71.0,False,[],[],[],6,,"[23, 143, 263, 203, 83, 323]",87.4,21,[18],,,,[905.6999999880791],[47.39999999999999],[47.39999999999999],[-73.60000000000001],,[0.827286065445312],[27],,6,[False],,True,3,6809,,0,4,350,"[244.99, 24.33, 140.16]",121,5,92892,[False],[False],[False],,orientation_response_event,74,6,confidence-wheel,,"[874, 1396]"
,,,,904,1455,,,Daz2026_Encoding_Online_SubExp3,Multiple Features Effect Hypothesis,,,,True,0.0-72.0,,,,,,,,,,,,,,,,,,,,,,,,,True,3,6809,,0,,,,,,93486,,,,,,75,,AdvanceWithPlot,,
,,,,904,1455,,,Daz2026_Encoding_Online_SubExp3,Multiple Features Effect Hypothesis,,,,True,0.0-73.0,,,,,,,,,,,,,,,,,,,,,,4,,"<div style=""position: fixed; inset: 0; display: flex; align-items: center; justify-content: center; font-size:25px;"">+</div>",True,3,6809,,0,,,,,,94489,,,,NR-cue,fixation,76,7,html-keyboard-response,,
,"[345, 136, 92, 136]","[[246.42, 0.41, 152.94], [0, 189.46, 89.98], [165.48, 177.74, 0], [0, 189.46, 89.98]]","[29, 104, 70, 104]",904,1455,,100,Daz2026_Encoding_Online_SubExp3,Multiple Features Effect Hypothesis,,,,True,0.0-74.0,False,[],[],[],4,,"[62, 332, 152, 242]",87.4,21,[],,,,[],[],[],[],,[],0,,4,[False],,True,3,6809,,0,2,,,,,94593,[False],[False],[False],NR-cue,orientation_bars_display_event,77,7,confidence-wheel,,"[874, 1396]"
,[],[],,904,1455,,,Daz2026_Encoding_Online_SubExp3,Multiple Features Effect Hypothesis,,,,True,0.0-75.0,,[],[],[],0,,[],87.4,21,[],,,,[],[],[],[],,[],0,,4,[False],,True,3,6809,,0,,,,,,95346,[False],[False],[False],NR-cue,retention_interval,78,7,confidence-wheel,,"[874, 1396]"
,"[345, 136, 92, 136]","[[246.42, 0.41, 152.94], [0, 189.46, 89.98], [165.48, 177.74, 0], [0, 189.46, 89.98]]","[29, 104, 70, 104]",904,1455,,,Daz2026_Encoding_Online_SubExp3,Multiple Features Effect Hypothesis,,,,True,0.0-76.0,False,[],[],[],4,,"[62, 332, 152, 242]",87.4,21,[33],,,,[5060.4000000059605],[129.89999999999975],[129.89999999999975],[59.89999999999975],,[2.2671826983406294],[27],,4,[False],,True,3,6809,,0,2,92,"[165.48, 177.74, 0]",70,3,104411,[False],[False],[True],,orientation_response_event,79,7,confidence-wheel,,"[874, 1396]"
,,,,904,1455,,,Daz2026_Encoding_Online_SubExp3,Multiple Features Effect Hypothesis,,,,True,0.0-77.0,,,,,,,,,,,,,,,,,,,,,,,,,True,3,6809,,0,,,,,,105225,,,,,,80,,AdvanceWithPlot,,
,,,,904,1455,,,Daz2026_Encoding_Online_SubExp3,Multiple Features Effect Hypothesis,,,,True,0.0-78.0,,,,,,,,,,,,,,,,,,,,,,6,,"<div style=""position: fixed; inset: 0; display: flex; align-items: center; justify-content: center; font-size:25px;"">+</div>",True,3,6809,,0,,,,,,106227,,,,NR-cue,fixation,81,8,html-keyboard-response,,
,"[262, 318, 205, 205, 205, 122]","[[78.59, 114.69, 255], [243.94, 0, 216.01], [0, 241.72, 255], [0, 241.72, 255], [0, 241.72, 255], [73.46, 177.59, 0]]","[16, 178, 127, 127, 127, 92]",904,1455,,200,Daz2026_Encoding_Online_SubExp3,Multiple Features Effect Hypothesis,,,,True,0.0-79.0,False,[],[],[],6,,"[339, 219, 159, 39, 279, 99]",87.4,21,[],,,,[],[],[],[],,[],0,,6,[False],,True,3,6809,,0,0,,,,,106430,[False],[False],[False],NR-cue,orientation_bars_display_event,82,8,confidence-wheel,,"[874, 1396]"
,[],[],,904,1455,,,Daz2026_Encoding_Online_SubExp3,Multiple Features Effect Hypothesis,,,,True,0.0-80.0,,[],[],[],0,,[],87.4,21,[],,,,[],[],[],[],,[],0,,6,[False],,True,3,6809,,0,,,,,,107182,[False],[False],[False],NR-cue,retention_interval,83,8,confidence-wheel,,"[874, 1396]"
,"[262, 318, 205, 205, 205, 122]","[[78.59, 114.69, 255], [243.94, 0, 216.01], [0, 241.72, 255], [0, 241.72, 255], [0, 241.72, 255], [73.46, 177.59, 0]]","[16, 178, 127, 127, 127, 92]",904,1455,,,Daz2026_Encoding_Online_SubExp3,Multiple Features Effect Hypothesis,,,,True,0.0-81.0,False,[],[],[],6,,"[339, 219, 159, 39, 279, 99]",87.4,21,[82],,,,[142.39999997615814],[0],[0],[-16],,[0],[27],,6,[False],,True,3,6809,,0,0,262,"[78.59, 114.69, 255]",16,1,111329,[False],[True],[False],,orientation_response_event,84,8,confidence-wheel,,"[874, 1396]"
,,,,904,1455,,,Daz2026_Encoding_Online_SubExp3,Multiple Features Effect Hypothesis,,,,True,0.0-82.0,,,,,,,,,,,,,,,,,,,,,,,,,True,3,6809,,0,,,,,,112102,,,,,,85,,AdvanceWithPlot,,
,,,,904,1455,,,Daz2026_Encoding_Online_SubExp3,Multiple Features Effect Hypothesis,,,,True,0.0-83.0,,,,,,,,,,,,,,,,,,,,,,6,,"<div style=""position: fixed; inset: 0; display: flex; align-items: center; justify-content: center; font-size:25px;"">+</div>",True,3,6809,,0,,,,,,113104,,,,R-cue,fixation,86,9,html-keyboard-response,,
,"[34, 34, 98, 34, 333, 239]","[[223.07, 121, 0], [223.07, 121, 0], [153.84, 179.01, 0], [223.07, 121, 0], [249.08, 0, 184.22], [0, 199.54, 255]]","[92, 92, 31, 92, 120, 177]",904,1455,,100,Daz2026_Encoding_Online_SubExp3,Multiple Features Effect Hypothesis,,,,True,0.0-84.0,False,[],[],[],6,,"[243, 303, 183, 123, 63, 3]",87.4,21,[],,,,[],[],[],[],,[],0,,6,[False],,True,3,6809,,0,1,,,,,113207,[False],[False],[False],R-cue,orientation_bars_display_event,87,9,confidence-wheel,,"[874, 1396]"
,[],[],,904,1455,,,Daz2026_Encoding_Online_SubExp3,Multiple Features Effect Hypothesis,,,,True,0.0-85.0,,[],[],[],0,,[],87.4,21,[],,,,[],[],[],[],,[],0,,6,[False],,True,3,6809,,0,,,,,,113959,[False],[False],[False],R-cue,retention_interval,88,9,confidence-wheel,,"[874, 1396]"
,"[34, 34, 98, 34, 333, 239]","[[223.07, 121, 0], [223.07, 121, 0], [153.84, 179.01, 0], [223.07, 121, 0], [249.08, 0, 184.22], [0, 199.54, 255]]","[92, 92, 31, 92, 120, 177]",904,1455,,,Daz2026_Encoding_Online_SubExp3,Multiple Features Effect Hypothesis,,,,True,0.0-86.0,False,[],[],[],6,,"[243, 303, 183, 123, 63, 3]",87.4,21,[94],,,,[1329.9000000059605],[86.39999999999999],[86.39999999999999],[-5.6000000000000085],,[1.5079644737231006],[27],,6,[False],,True,3,6809,,0,1,34,"[223.07, 121, 0]",92,2,116293,[False],[False],[False],,orientation_response_event,89,9,confidence-wheel,,"[874, 1396]"
,,,,904,1455,,,Daz2026_Encoding_Online_SubExp3,Multiple Features Effect Hypothesis,,,,True,0.0-87.0,,,,,,,,,,,,,,,,,,,,,,,,,True,3,6809,,0,,,,,,116828,,,,,,90,,AdvanceWithPlot,,
,,,,904,1455,,,Daz2026_Encoding_Online_SubExp3,Multiple Features Effect Hypothesis,,,,True,0.0-88.0,,,,,,,,,,,,,,,,,,,,,,6,,"<div style=""position: fixed; inset: 0; display: flex; align-items: center; justify-content: center; font-size:25px;"">+</div>",True,3,6809,,0,,,,,,117831,,,,NR-cue,fixation,91,10,html-keyboard-response,,
,"[80, 271, 80, 213, 4, 80]","[[184.44, 173.25, 0], [135.62, 97.47, 255], [184.44, 173.25, 0], [0, 238.25, 255], [238.16, 56.29, 99.71], [184.44, 173.25, 0]]","[155, 95, 155, 50, 123, 155]",904,1455,,50,Daz2026_Encoding_Online_SubExp3,Multiple Features Effect Hypothesis,,,,True,0.0-89.0,False,[],[],[],6,,"[106, 166, 286, 226, 346, 46]",87.4,21,[],,,,[],[],[],[],,[],0,,6,[False],,True,3,6809,,0,4,,,,,117884,[False],[False],[False],NR-cue,orientation_bars_display_event,92,10,confidence-wheel,,"[874, 1396]"
,[],[],,904,1455,,,Daz2026_Encoding_Online_SubExp3,Multiple Features Effect Hypothesis,,,,True,0.0-90.0,,[],[],[],0,,[],87.4,21,[],,,,[],[],[],[],,[],0,,6,[False],,True,3,6809,,0,,,,,,118637,[False],[False],[False],NR-cue,retention_interval,93,10,confidence-wheel,,"[874, 1396]"
,"[80, 271, 80, 213, 4, 80]","[[184.44, 173.25, 0], [135.62, 97.47, 255], [184.44, 173.25, 0], [0, 238.25, 255], [238.16, 56.29, 99.71], [184.44, 173.25, 0]]","[155, 95, 155, 50, 123, 155]",904,1455,,,Daz2026_Encoding_Online_SubExp3,Multiple Features Effect Hypothesis,,,,True,0.0-91.0,False,[],[],[],6,,"[106, 166, 286, 226, 346, 46]",87.4,21,[36],,,,[1001],[65.10000000000001],[65.10000000000001],[-57.89999999999999],,[1.1362093430483087],[27],,6,[False],,True,3,6809,,0,4,4,"[238.16, 56.29, 99.71]",123,5,120642,[False],[False],[False],,orientation_response_event,94,10,confidence-wheel,,"[874, 1396]"
,,,,904,1455,,,Daz2026_Encoding_Online_SubExp3,Multiple Features Effect Hypothesis,,,,True,0.0-92.0,,,,,,,,,,,,,,,,,,,,,,,,,True,3,6809,,0,,,,,,121209,,,,,,95,,AdvanceWithPlot,,
,,,,904,1455,,,Daz2026_Encoding_Online_SubExp3,Multiple Features Effect Hypothesis,,,,True,0.0-93.0,,,,,,,,,,,,,,,,,,,,,,6,,"<div style=""position: fixed; inset: 0; display: flex; align-items: center; justify-content: center; font-size:25px;"">+</div>",True,3,6809,,0,,,,,,122211,,,,NR-cue,fixation,96,11,html-keyboard-response,,
,"[35, 196, 35, 330, 35, 129]","[[222.71, 123.15, 0], [0, 242.36, 247.9], [222.71, 123.15, 0], [248.89, 0, 191.19], [222.71, 123.15, 0], [0, 177.88, 33.37]]","[121, 89, 121, 36, 121, 158]",904,1455,,100,Daz2026_Encoding_Online_SubExp3,Multiple Features Effect Hypothesis,,,,True,0.0-94.0,False,[],[],[],6,,"[258, 318, 18, 198, 138, 78]",87.4,21,[],,,,[],[],[],[],,[],0,,6,[False],,True,3,6809,,0,5,,,,,122314,[False],[False],[False],NR-cue,orientation_bars_display_event,97,11,confidence-wheel,,"[874, 1396]"
,[],[],,904,1455,,,Daz2026_Encoding_Online_SubExp3,Multiple Features Effect Hypothesis,,,,True,0.0-95.0,,[],[],[],0,,[],87.4,21,[],,,,[],[],[],[],,[],0,,6,[False],,True,3,6809,,0,,,,,,123067,[False],[False],[False],NR-cue,retention_interval,98,11,confidence-wheel,,"[874, 1396]"
,"[35, 196, 35, 330, 35, 129]","[[222.71, 123.15, 0], [0, 242.36, 247.9], [222.71, 123.15, 0], [248.89, 0, 191.19], [222.71, 123.15, 0], [0, 177.88, 33.37]]","[121, 89, 121, 36, 121, 158]",904,1455,,,Daz2026_Encoding_Online_SubExp3,Multiple Features Effect Hypothesis,,,,True,0.0-96.0,False,[],[],[],6,,"[258, 318, 18, 198, 138, 78]",87.4,21,[34],,,,[1564.5999999940395],[98.70000000000002],[98.70000000000002],[-59.29999999999998],,[1.7226399717184036],[27],,6,[False],,True,3,6809,,0,5,129,"[0, 177.88, 33.37]",158,6,125635,[False],[False],[False],,orientation_response_event,99,11,confidence-wheel,,"[874, 1396]"
,,,,904,1455,,,Daz2026_Encoding_Online_SubExp3,Multiple Features Effect Hypothesis,,,,True,0.0-97.0,,,,,,,,,,,,,,,,,,,,,,,,,True,3,6809,,0,,,,,,126052,,,,,,100,,AdvanceWithPlot,,
,,,,904,1455,,,Daz2026_Encoding_Online_SubExp3,Multiple Features Effect Hypothesis,,,,True,0.0-98.0,,,,,,,,,,,,,,,,,,,,,,4,,"<div style=""position: fixed; inset: 0; display: flex; align-items: center; justify-content: center; font-size:25px;"">+</div>",True,3,6809,,0,,,,,,127056,,,,R-cue,fixation,101,12,html-keyboard-response,,
,"[249, 117, 62, 62]","[[0, 166.95, 255], [98.86, 178.77, 0], [205.11, 160.94, 0], [205.11, 160.94, 0]]","[39, 81, 9, 9]",904,1455,,100,Daz2026_Encoding_Online_SubExp3,Multiple Features Effect Hypothesis,,,,True,0.0-99.0,False,[],[],[],4,,"[111, 21, 291, 201]",87.4,21,[],,,,[],[],[],[],,[],0,,4,[False],,True,3,6809,,0,2,,,,,127159,[False],[False],[False],R-cue,orientation_bars_display_event,102,12,confidence-wheel,,"[874, 1396]"
,[],[],,904,1455,,,Daz2026_Encoding_Online_SubExp3,Multiple Features Effect Hypothesis,,,,True,0.0-100.0,,[],[],[],0,,[],87.4,21,[],,,,[],[],[],[],,[],0,,4,[False],,True,3,6809,,0,,,,,,127912,[False],[False],[False],R-cue,retention_interval,103,12,confidence-wheel,,"[874, 1396]"
,"[249, 117, 62, 62]","[[0, 166.95, 255], [98.86, 178.77, 0], [205.11, 160.94, 0], [205.11, 160.94, 0]]","[39, 81, 9, 9]",904,1455,,,Daz2026_Encoding_Online_SubExp3,Multiple Features Effect Hypothesis,,,,True,0.0-101.0,False,[],[],[],4,,"[111, 21, 291, 201]",87.4,21,[87],,,,[1615.9000000059605],[20.700000000000006],[20.700000000000006],[11.700000000000003],,[0.36128315516282633],[27],,4,[False],,True,3,6809,,0,2,62,"[205.11, 160.94, 0]",9,3,130531,[False],[False],[False],,orientation_response_event,104,12,confidence-wheel,,"[874, 1396]"
,,,,904,1455,,,Daz2026_Encoding_Online_SubExp3,Multiple Features Effect Hypothesis,,,,True,0.0-102.0,,,,,,,,,,,,,,,,,,,,,,,,,True,3,6809,,0,,,,,,131167,,,,,,105,,AdvanceWithPlot,,
,,,,904,1455,,,Daz2026_Encoding_Online_SubExp3,Multiple Features Effect Hypothesis,,,,True,0.0-103.0,,,,,,,,,,,,,,,,,,,,,,4,,"<div style=""position: fixed; inset: 0; display: flex; align-items: center; justify-content: center; font-size:25px;"">+</div>",True,3,6809,,0,,,,,,132170,,,,Baseline,fixation,106,13,html-keyboard-response,,
,"[208, 300, 268, 238]","[[0, 240.77, 255], [220.49, 7.89, 243.68], [120.2, 103.5, 255], [0, 202.08, 255]]","[140, 40, 16, 173]",904,1455,,50,Daz2026_Encoding_Online_SubExp3,Multiple Features Effect Hypothesis,,,,True,0.0-104.0,False,[],[],[],4,,"[275, 95, 5, 185]",87.4,21,[],,,,[],[],[],[],,[],0,,4,[False],,True,3,6809,,0,3,,,,,132223,[False],[False],[False],Baseline,orientation_bars_display_event,107,13,confidence-wheel,,"[874, 1396]"
,[],[],,904,1455,,,Daz2026_Encoding_Online_SubExp3,Multiple Features Effect Hypothesis,,,,True,0.0-105.0,,[],[],[],0,,[],87.4,21,[],,,,[],[],[],[],,[],0,,4,[False],,True,3,6809,,0,,,,,,132976,[False],[False],[False],Baseline,retention_interval,108,13,confidence-wheel,,"[874, 1396]"
,"[208, 300, 268, 238]","[[0, 240.77, 255], [220.49, 7.89, 243.68], [120.2, 103.5, 255], [0, 202.08, 255]]","[140, 40, 16, 173]",904,1455,,,Daz2026_Encoding_Online_SubExp3,Multiple Features Effect Hypothesis,,,,True,0.0-106.0,False,[],[],[],4,,"[275, 95, 5, 185]",87.4,21,[76],,,,[798.2999999821186],[151.79999999999993],[151.79999999999993],[-21.200000000000074],,[2.649409804527391],[27],,4,[False],,True,3,6809,,0,3,238,"[0, 202.08, 255]",173,4,134778,[False],[False],[False],,orientation_response_event,109,13,confidence-wheel,,"[874, 1396]"
,,,,904,1455,,,Daz2026_Encoding_Online_SubExp3,Multiple Features Effect Hypothesis,,,,True,0.0-107.0,,,,,,,,,,,,,,,,,,,,,,,,,True,3,6809,,0,,,,,,135286,,,,,,110,,AdvanceWithPlot,,
,,,,904,1455,,,Daz2026_Encoding_Online_SubExp3,Multiple Features Effect Hypothesis,,,,True,0.0-108.0,,,,,,,,,,,,,,,,,,,,,,4,,"<div style=""position: fixed; inset: 0; display: flex; align-items: center; justify-content: center; font-size:25px;"">+</div>",True,3,6809,,0,,,,,,136288,,,,Baseline,fixation,111,14,html-keyboard-response,,
,"[176, 40, 300, 247]","[[0, 234.23, 211.5], [220.61, 132.81, 0], [220.49, 7.89, 243.68], [0, 174.69, 255]]","[104, 66, 150, 175]",904,1455,,200,Daz2026_Encoding_Online_SubExp3,Multiple Features Effect Hypothesis,,,,True,0.0-109.0,False,[],[],[],4,,"[355, 85, 265, 175]",87.4,21,[],,,,[],[],[],[],,[],0,,4,[False],,True,3,6809,,0,1,,,,,136491,[False],[False],[False],Baseline,orientation_bars_display_event,112,14,confidence-wheel,,"[874, 1396]"
,[],[],,904,1455,,,Daz2026_Encoding_Online_SubExp3,Multiple Features Effect Hypothesis,,,,True,0.0-110.0,,[],[],[],0,,[],87.4,21,[],,,,[],[],[],[],,[],0,,4,[False],,True,3,6809,,0,,,,,,137244,[False],[False],[False],Baseline,retention_interval,113,14,confidence-wheel,,"[874, 1396]"
,"[176, 40, 300, 247]","[[0, 234.23, 211.5], [220.61, 132.81, 0], [220.49, 7.89, 243.68], [0, 174.69, 255]]","[104, 66, 150, 175]",904,1455,,,Daz2026_Encoding_Online_SubExp3,Multiple Features Effect Hypothesis,,,,True,0.0-111.0,False,[],[],[],4,,"[355, 85, 265, 175]",87.4,21,[1],,,,[1569.4000000059605],[156.90000000000006],[156.90000000000006],[-89.09999999999994],,[2.738421596379104],[27],,4,[False],,True,3,6809,,0,1,40,"[220.61, 132.81, 0]",66,2,139817,[False],[False],[False],,orientation_response_event,114,14,confidence-wheel,,"[874, 1396]"
,,,,904,1455,,,Daz2026_Encoding_Online_SubExp3,Multiple Features Effect Hypothesis,,,,True,0.0-112.0,,,,,,,,,,,,,,,,,,,,,,,,,True,3,6809,,0,,,,,,140536,,,,,,115,,AdvanceWithPlot,,
,,,,904,1455,,,Daz2026_Encoding_Online_SubExp3,Multiple Features Effect Hypothesis,,,,True,0.0-113.0,,,,,,,,,,,,,,,,,,,,,,4,,"<div style=""position: fixed; inset: 0; display: flex; align-items: center; justify-content: center; font-size:25px;"">+</div>",True,3,6809,,0,,,,,,141539,,,,R-cue,fixation,116,15,html-keyboard-response,,
,"[196, 124, 328, 196]","[[0, 242.36, 247.9], [59.29, 176.97, 0], [248.55, 0, 195.67], [0, 242.36, 247.9]]","[32, 9, 160, 32]",904,1455,,50,Daz2026_Encoding_Online_SubExp3,Multiple Features Effect Hypothesis,,,,True,0.0-114.0,False,[],[],[],4,,"[21, 201, 111, 291]",87.4,21,[],,,,[],[],[],[],,[],0,,4,[False],,True,3,6809,,0,0,,,,,141592,[False],[False],[False],R-cue,orientation_bars_display_event,117,15,confidence-wheel,,"[874, 1396]"
,[],[],,904,1455,,,Daz2026_Encoding_Online_SubExp3,Multiple Features Effect Hypothesis,,,,True,0.0-115.0,,[],[],[],0,,[],87.4,21,[],,,,[],[],[],[],,[],0,,4,[False],,True,3,6809,,0,,,,,,142345,[False],[False],[False],R-cue,retention_interval,118,15,confidence-wheel,,"[874, 1396]"
,"[196, 124, 328, 196]","[[0, 242.36, 247.9], [59.29, 176.97, 0], [248.55, 0, 195.67], [0, 242.36, 247.9]]","[32, 9, 160, 32]",904,1455,,,Daz2026_Encoding_Online_SubExp3,Multiple Features Effect Hypothesis,,,,True,0.0-116.0,False,[],[],[],4,,"[21, 201, 111, 291]",87.4,21,[95],,,,[1328.5],[27.599999999999998],[27.599999999999998],[-4.400000000000006],,[0.4817108735504349],[27],,4,[False],,True,3,6809,,0,0,196,"[0, 242.36, 247.9]",32,1,144676,[False],[False],[False],,orientation_response_event,119,15,confidence-wheel,,"[874, 1396]"
,,,,904,1455,,,Daz2026_Encoding_Online_SubExp3,Multiple Features Effect Hypothesis,,,,True,0.0-117.0,,,,,,,,,,,,,,,,,,,,,,,,,True,3,6809,,0,,,,,,145191,,,,,,120,,AdvanceWithPlot,,
,,,,904,1455,,,Daz2026_Encoding_Online_SubExp3,Multiple Features Effect Hypothesis,,,,True,0.0-118.0,,,,,,,,,,,,,,,,,,,,,,6,,"<div style=""position: fixed; inset: 0; display: flex; align-items: center; justify-content: center; font-size:25px;"">+</div>",True,3,6809,,0,,,,,,146194,,,,Baseline,fixation,121,16,html-keyboard-response,,
,"[273, 95, 163, 353, 196, 37]","[[144.75, 93.28, 255], [159.88, 178.45, 0], [0, 223.46, 181.92], [243.86, 33.18, 132.16], [0, 242.36, 247.9], [221.93, 127.22, 0]]","[136, 15, 176, 81, 60, 110]",904,1455,,200,Daz2026_Encoding_Online_SubExp3,Multiple Features Effect Hypothesis,,,,True,0.0-119.0,False,[],[],[],6,,"[152, 272, 32, 332, 212, 92]",87.4,21,[],,,,[],[],[],[],,[],0,,6,[False],,True,3,6809,,0,5,,,,,146397,[False],[False],[False],Baseline,orientation_bars_display_event,122,16,confidence-wheel,,"[874, 1396]"
,[],[],,904,1455,,,Daz2026_Encoding_Online_SubExp3,Multiple Features Effect Hypothesis,,,,True,0.0-120.0,,[],[],[],0,,[],87.4,21,[],,,,[],[],[],[],,[],0,,6,[False],,True,3,6809,,0,,,,,,147150,[False],[False],[False],Baseline,retention_interval,123,16,confidence-wheel,,"[874, 1396]"
,"[273, 95, 163, 353, 196, 37]","[[144.75, 93.28, 255], [159.88, 178.45, 0], [0, 223.46, 181.92], [243.86, 33.18, 132.16], [0, 242.36, 247.9], [221.93, 127.22, 0]]","[136, 15, 176, 81, 60, 110]",904,1455,,,Daz2026_Encoding_Online_SubExp3,Multiple Features Effect Hypothesis,,,,True,0.0-121.0,False,[],[],[],6,,"[152, 272, 32, 332, 212, 92]",87.4,21,[96],,,,[1048.199999988079],[113.99999999999997],[113.99999999999997],[3.9999999999999716],,[1.9896753472735351],[27],,6,[False],,True,3,6809,,0,5,37,"[221.93, 127.22, 0]",110,6,149202,[False],[False],[False],,orientation_response_event,124,16,confidence-wheel,,"[874, 1396]"
,,,,904,1455,,,Daz2026_Encoding_Online_SubExp3,Multiple Features Effect Hypothesis,,,,True,0.0-122.0,,,,,,,,,,,,,,,,,,,,,,,,,True,3,6809,,0,,,,,,150458,,,,,,125,,AdvanceWithPlot,,
,,,,904,1455,,,Daz2026_Encoding_Online_SubExp3,Multiple Features Effect Hypothesis,,,,True,0.0-123.0,,,,,,,,,,,,,,,,,,,,,,4,,"<div style=""position: fixed; inset: 0; display: flex; align-items: center; justify-content: center; font-size:25px;"">+</div>",True,3,6809,,0,,,,,,151460,,,,NR-cue,fixation,126,17,html-keyboard-response,,
,"[34, 34, 144, 99]","[[223.07, 121, 0], [223.07, 121, 0], [0, 201.2, 125.15], [151.72, 179.15, 0]]","[124, 124, 88, 53]",904,1455,,50,Daz2026_Encoding_Online_SubExp3,Multiple Features Effect Hypothesis,,,,True,0.0-124.0,False,[],[],[],4,,"[289, 199, 109, 19]",87.4,21,[],,,,[],[],[],[],,[],0,,4,[False],,True,3,6809,,0,2,,,,,151513,[False],[False],[False],NR-cue,orientation_bars_display_event,127,17,confidence-wheel,,"[874, 1396]"
,[],[],,904,1455,,,Daz2026_Encoding_Online_SubExp3,Multiple Features Effect Hypothesis,,,,True,0.0-125.0,,[],[],[],0,,[],87.4,21,[],,,,[],[],[],[],,[],0,,4,[False],,True,3,6809,,0,,,,,,152266,[False],[False],[False],NR-cue,retention_interval,128,17,confidence-wheel,,"[874, 1396]"
,"[34, 34, 144, 99]","[[223.07, 121, 0], [223.07, 121, 0], [0, 201.2, 125.15], [151.72, 179.15, 0]]","[124, 124, 88, 53]",904,1455,,,Daz2026_Encoding_Online_SubExp3,Multiple Features Effect Hypothesis,,,,True,0.0-126.0,False,[],[],[],4,,"[289, 199, 109, 19]",87.4,21,[25],,,,[2200.4000000059605],[20.699999999999974],[20.699999999999974],[-67.30000000000003],,[0.3612831551628257],[27],,4,[False],,True,3,6809,,0,2,144,"[0, 201.2, 125.15]",88,3,155469,[False],[False],[False],,orientation_response_event,129,17,confidence-wheel,,"[874, 1396]"
,,,,904,1455,,,Daz2026_Encoding_Online_SubExp3,Multiple Features Effect Hypothesis,,,,True,0.0-127.0,,,,,,,,,,,,,,,,,,,,,,,,,True,3,6809,,0,,,,,,156329,,,,,,130,,AdvanceWithPlot,,
,,,,904,1455,,,Daz2026_Encoding_Online_SubExp3,Multiple Features Effect Hypothesis,,,,True,0.0-128.0,,,,,,,,,,,,,,,,,,,,,,6,,"<div style=""position: fixed; inset: 0; display: flex; align-items: center; justify-content: center; font-size:25px;"">+</div>",True,3,6809,,0,,,,,,157332,,,,R-cue,fixation,131,18,html-keyboard-response,,
,"[27, 165, 165, 165, 113, 239]","[[224.92, 103.19, 0], [0, 225.36, 186.83], [0, 225.36, 186.83], [0, 225.36, 186.83], [114.08, 179.37, 0], [0, 199.54, 255]]","[180, 153, 153, 153, 127, 53]",904,1455,,200,Daz2026_Encoding_Online_SubExp3,Multiple Features Effect Hypothesis,,,,True,0.0-129.0,False,[],[],[],6,,"[55, 295, 175, 235, 355, 115]",87.4,21,[],,,,[],[],[],[],,[],0,,6,[False],,True,3,6809,,0,2,,,,,157534,[False],[False],[False],R-cue,orientation_bars_display_event,132,18,confidence-wheel,,"[874, 1396]"
,[],[],,904,1455,,,Daz2026_Encoding_Online_SubExp3,Multiple Features Effect Hypothesis,,,,True,0.0-130.0,,[],[],[],0,,[],87.4,21,[],,,,[],[],[],[],,[],0,,6,[False],,True,3,6809,,0,,,,,,158287,[False],[False],[False],R-cue,retention_interval,133,18,confidence-wheel,,"[874, 1396]"
,"[27, 165, 165, 165, 113, 239]","[[224.92, 103.19, 0], [0, 225.36, 186.83], [0, 225.36, 186.83], [0, 225.36, 186.83], [114.08, 179.37, 0], [0, 199.54, 255]]","[180, 153, 153, 153, 127, 53]",904,1455,,,Daz2026_Encoding_Online_SubExp3,Multiple Features Effect Hypothesis,,,,True,0.0-131.0,False,[],[],[],6,,"[55, 295, 175, 235, 355, 115]",87.4,21,[100],,,,[874.5],[153.29999999999995],[153.29999999999995],[0.2999999999999545],,[2.6755897433073064],[27],,6,[False],,True,3,6809,,0,2,165,"[0, 225.36, 186.83]",153,3,160164,[False],[False],[False],,orientation_response_event,134,18,confidence-wheel,,"[874, 1396]"
