index,r,g,b
0,254.99999999999997,128.33117951751768,199.5742321786687
1,254.99999999999997,128.16794085656545,196.79439456563185
2,254.99999999999997,128.02624913700873,194.00131371631412
3,254.99999999999997,127.90649390627924,191.19497452092094
4,254.99999999999997,127.80905304237561,188.37532394841043
5,254.99999999999997,127.7342913361826,185.54226832472986
6,254.99999999999997,127.6825590853057,182.69567034542374
7,254.99999999999997,127.6541907082813,179.83534578607293
8,254.99999999999997,127.64950338816345,176.9610598680598
9,254.99999999999997,127.6687957545422,174.07252323004184
10,254.99999999999997,127.71234661298071,171.1693874470255
11,254.99999999999997,127.78041373070879,168.2512400287249
12,254.99999999999997,127.87323268713395,165.31759881658613
13,254.99999999999997,127.9910157973561,162.36790568394593
14,254.99999999999997,128.13395111639986,159.40151942563435
15,254.99999999999997,128.3022015312836,156.41770770110384
16,254.99999999999997,128.49590394738033,153.41563786780395
17,254.99999999999997,128.71516857475845,150.39436650765487
18,254.99999999999997,128.96007831935216,147.35282740727916
19,254.99999999999997,129.23068828291437,144.28981769975778
20,254.99999999999997,129.5270253747527,141.2039818089047
21,254.99999999999997,129.84908803726123,138.09379275213823
22,254.99999999999997,130.19684608625317,134.95753024919298
23,254.99999999999997,130.57024066609904,131.79325494325624
24,254.99999999999997,130.96918431865248,128.59877785769274
25,254.99999999999997,131.39356116399756,125.37162397001104
26,254.99999999999997,131.8432271901024,122.10898846347484
27,254.99999999999997,132.31801064758426,118.80768378459574
28,254.99999999999997,132.8177125449908,115.46407504635543
29,254.99999999999997,133.34210723925435,112.07400050534221
30,254.99999999999997,133.8909431153312,108.63267270519952
31,254.99999999999997,134.4639433484779,105.13455426442758
32,254.99999999999997,135.06080674215397,101.57319995219221
33,254.99999999999997,135.68120863417943,97.94105325553551
34,254.99999999999997,136.32480186350986,94.22918046327595
35,254.99999999999997,136.99121778982584,90.42691731209004
36,254.99999999999997,137.68006735806847,86.52139061221035
37,254.99999999999997,138.39094220006788,82.49685667550722
38,254.99999999999997,139.12341576552137,78.33376360399923
39,254.99999999999997,139.87704447476014,74.00738342550237
40,254.99999999999997,140.65136888599358,69.48574764883394
41,254.99999999999997,141.44591487004087,64.72640106782409
42,254.99999999999997,142.26019478591812,59.67103335276633
43,254.99999999999997,143.093708651067,54.23601774465887
44,254.99999999999997,143.94594530044733,48.294291724936826
45,254.99999999999997,144.8163835291909,41.636475102070335
46,254.99999999999997,145.70449321399582,33.872229473924726
47,254.99999999999997,146.60973640893948,24.09939262309329
48,254.99999999999997,147.53156841188158,8.839575480456888
49,254.99999999999997,148.46943879812343,0.0
50,254.99999999999997,149.4227924184722,0.0
51,254.99999999999997,150.39107035931957,0.0
52,254.99999999999997,151.3737108628011,0.0
53,254.99999999999997,152.37015020551388,0.0
54,254.99999999999997,153.3798235346795,0.0
55,254.99999999999997,154.4021656609986,0.0
56,254.99999999999997,155.43661180779586,0.0
57,254.99999999999997,156.4825983163513,0.0
58,254.99999999999997,157.539563307609,0.0
59,254.99999999999997,158.60694730069446,0.0
60,254.99999999999997,159.6841937889008,0.0
61,254.99999999999997,160.7707497739924,0.0
62,254.99999999999997,161.8660662598447,0.0
63,254.99999999999997,162.9695987065779,0.0
64,254.99999999999997,164.08080744646247,0.0
65,254.99999999999997,165.19915806296183,0.0
66,254.99999999999997,166.32412173435858,0.0
67,254.99999999999997,167.45517554346543,0.0
68,254.99999999999997,168.59180275495297,0.0
69,254.99999999999997,169.73349306185625,0.0
70,254.99999999999997,170.87974280283288,0.0
71,254.99999999999997,172.0300551517329,0.0
72,254.99999999999997,173.1839402810371,0.0
73,254.99999999999997,174.34091550069635,0.0
74,254.99999999999997,175.50050537386952,0.0
75,254.99999999999997,176.66224181102976,0.0
76,254.99999999999997,177.82566414386093,0.0
77,254.99999999999997,178.99031918032316,0.0
78,254.99999999999997,180.15576124221903,0.0
79,254.99999999999997,181.32155218653955,0.0
80,254.99999999999997,182.48726141181396,0.0
81,254.99999999999997,183.65246585064017,0.0
82,254.99999999999997,184.81674994951064,0.0
83,254.99999999999997,185.97970563700207,0.0
84,254.99999999999997,187.14093228133484,0.0
85,254.99999999999997,188.30003663826636,0.0
86,254.99999999999997,189.45663279022003,0.0
87,254.99999999999997,190.61034207750808,0.0
88,254.99999999999997,191.76079302245608,0.0
89,254.99999999999997,192.90762124718864,0.0
90,254.99999999999997,194.0504693857919,0.0
91,254.99999999999997,195.18898699152396,0.0
92,254.99999999999997,196.3228304397067,0.0
93,254.99999999999997,197.4516628268843,0.0
94,254.99999999999997,198.57515386680905,0.0
95,253.34239611152933,199.69297978376582,0.0
96,251.17098499474736,200.8048232037242,0.0
97,248.9667858589986,201.91037304376914,0.0
98,246.7295517849812,203.00932440023166,0.0
99,244.45901298189182,204.10137843591633,0.0
100,242.1548749732325,205.18624226679168,0.0
101,239.816816620643,206.26362884848592,0.0
102,237.444487967054,207.33325686291073,0.0
103,235.03750787788758,208.3948506053053,0.0
104,232.59546145601857,209.44813987198282,0.0
105,230.11789720273396,210.49285984903298,0.0
106,227.60432389283903,211.5287510022237,0.0
107,225.05420712729506,212.55555896831922,0.0
108,222.46696552113752,213.5730344480282,0.0
109,219.84196647781707,214.58093310076688,0.0
110,217.1785214932388,215.57901544141842,0.0
111,214.47588092345364,216.56704673925313,0.0
112,211.73322813882064,217.54479691915924,0.0
113,208.94967297410304,218.5120404653276,0.0
114,206.12424436790664,219.46855632751632,0.0
115,203.25588206542054,220.4141278300178,0.0
116,200.34342723482263,221.34854258343472,0.0
117,197.38561181885046,222.27159239936663,0.0
118,194.3810464076294,223.1830732080957,0.0
119,191.32820637507956,224.0827849793576,0.0
120,188.22541596687563,224.97053164626854,0.0
121,185.0708299599415,225.84612103247744,0.0
122,181.86241242787702,226.70936478260217,0.0
123,178.59791203819563,227.56007829600142,0.0
124,175.27483316857465,228.39808066392808,0.0
125,171.89040195067642,229.2231946101043,0.0
126,168.44152611795363,230.03524643474762,0.0
127,164.92474722929686,230.83406596207834,0.0
128,161.3361834368603,231.61948649132574,0.0
129,157.67146042584307,232.39134475124783,0.0
130,153.9256274213544,233.14948085817525,0.0
131,150.0930541517654,233.89373827758095,14.09233176225739
132,146.16730325803843,234.6239637891728,27.81652431500455
133,142.14097066019085,235.34000745550574,37.32315319907825
134,138.0054835493729,236.04172259409424,45.05918758982606
135,133.7508415136246,236.72896575301368,51.77464027768782
136,129.3652800912392,237.40159668996418,57.814164791926764
137,124.8348265507478,238.0594783547703,63.36864320793679
138,120.14270281411277,238.70247687528445,68.55624346794471
139,115.26850643018952,239.33046154665684,73.45579443538075
140,110.18706047514571,239.94330482392917,78.1227901023165
141,104.86675393393053,240.5408823179081,82.59791850712752
142,99.26706863472268,241.12307279426477,86.9119758270569
143,93.3347494589738,241.68975817580804,91.08887362028348
144,86.99758829678471,242.24082354787066,95.1475697700321
145,80.15372468043101,242.7761571667447,99.10335802637434
146,72.65178045312331,243.29565047110023,102.96875787350308
147,64.25001923744117,243.79919809631278,106.75414586872739
148,54.519197514050404,244.2866978916281,110.46821435561307
149,42.55135247704072,244.75805094008084,114.11831171350293
150,25.58343841865806,245.21316158108712,117.71069935251073
151,0.0,245.6519374356232,121.25074896101464
152,0.0,246.074289433901,124.74309607311496
153,0.0,246.48013184544493,128.19176117007805
154,0.0,246.86938231147673,131.60024628984903
155,0.0,247.24196187950602,134.97161291087238
156,0.0,247.59779504002384,138.30854534373304
157,0.0,247.93680976519468,141.61340278203718
158,0.0,248.2589375494372,144.88826238820687
159,0.0,248.5641134517829,148.13495522589818
160,0.0,248.85227613989892,151.35509643543008
161,0.0,249.1233679356578,154.55011073913184
162,0.0,249.37733486213727,157.721254130339
163,0.0,249.61412669192808,160.86963242231204
164,0.0,249.8336969966262,163.9962171970045
165,0.0,250.03600319738703,167.10185958792
166,0.0,250.22100661641286,170.1873022487083
167,0.0,250.3886725292454,173.25318979410642
168,0.0,250.5389702177361,176.3000779482219
169,0.0,250.671873023558,179.3284415939549
170,0.0,250.78735840213216,182.3386818842152
171,0.0,250.88540797683103,185.33113254881016
172,0.0,250.96600759332472,188.306065509084
173,0.0,251.02914737393587,191.26369589456812
174,0.0,251.0748217718652,194.20418654126075
175,0.0,251.10302962514962,197.12765203905104
176,0.0,251.11377421021822,200.03416238576511
177,0.0,251.10706329490452,202.92374629694424
178,0.0,251.08290919077837,205.79639421345934
179,0.0,251.04132880465787,208.65206104318366
180,0.0,250.98234368916343,211.49066866797486
181,0.0,250.90598009217365,214.3121082430185
182,0.0,250.81226900504547,217.1162423120109
183,0.0,250.70124620945995,219.90290675861246
184,0.0,250.57295232275467,222.6719126120019
185,0.0,250.42743284160636,225.42304772212418
186,0.0,250.26473818392614,228.15607831830218
187,0.0,250.0849237288303,230.87075046322914
188,0.0,249.88804985455252,233.56679141291357
189,0.0,249.6741819741607,236.24391089191414
190,0.0,249.4433905689472,238.90180229211032
191,0.0,249.1957512193574,241.54014380231604
192,0.0,248.93134463332655,244.15859947521753
193,0.0,248.65025667189516,246.7568202373913
194,0.0,248.35257837197244,249.33444484752894
195,0.0,248.03840596612247,251.89110080743427
196,0.0,247.70784089924655,254.42640522986792
197,0.0,247.36098984203832,254.99999999999997
198,0.0,246.99796470108953,254.99999999999997
199,0.0,246.61888262552694,254.99999999999997
200,0.0,246.22386601006144,254.99999999999997
201,0.0,245.8130424943353,254.99999999999997
202,0.0,245.3865449584536,254.99999999999997
203,0.0,244.94451151458819,254.99999999999997
204,0.0,244.4870854945484,254.99999999999997
205,0.0,244.01441543321047,254.99999999999997
206,0.0,243.52665504770584,254.99999999999997
207,0.0,243.02396321226703,254.99999999999997
208,0.0,242.5065039286372,254.99999999999997
209,0.0,241.97444629194834,254.99999999999997
210,0.0,241.42796445198294,254.99999999999997
211,0.0,240.8672375697297,254.99999999999997
212,0.0,240.29244976915723,254.99999999999997
213,0.0,239.7037900841247,254.99999999999997
214,0.0,239.10145240036118,254.99999999999997
215,0.0,238.4856353924439,254.99999999999997
216,0.0,237.85654245571476,254.99999999999997
217,0.0,237.21438163307772,254.99999999999997
218,0.0,236.55936553662576,254.99999999999997
219,0.0,235.8917112640523,254.99999999999997
220,0.0,235.21164030980916,254.99999999999997
221,0.0,234.5193784709762,254.99999999999997
222,0.0,233.81515574782046,254.99999999999997
223,0.0,233.09920623902363,254.99999999999997
224,0.0,232.3717680315697,254.99999999999997
225,0.0,231.63308308528934,254.99999999999997
226,0.0,230.8833971120676,254.99999999999997
227,0.0,230.1229594497308,254.99999999999997
228,0.0,229.35202293063531,254.99999999999997
229,0.0,228.57084374499544,254.99999999999997
230,0.0,227.77968129899247,254.99999999999997
231,0.0,226.97879806772292,254.99999999999997
232,0.0,226.1684594430509,254.99999999999997
233,0.0,225.3489335764449,254.99999999999997
234,0.0,224.52049121688856,254.99999999999997
235,0.0,223.6834055439719,254.99999999999997
236,0.0,222.83795199627548,254.99999999999997
237,0.0,221.98440809518524,254.99999999999997
238,0.0,221.1230532642764,254.99999999999997
239,0.0,220.25416864443304,254.99999999999997
240,0.0,219.37803690487414,254.99999999999997
241,0.0,218.49494205028043,254.99999999999997
242,0.0,217.60516922422997,254.99999999999997
243,0.0,216.70900450916545,254.99999999999997
244,0.0,215.80673472313558,254.99999999999997
245,0.0,214.8986472135713,254.99999999999997
246,0.0,213.98502964837337,254.99999999999997
247,0.0,213.06616980460467,254.99999999999997
248,0.0,212.14235535510605,254.99999999999997
249,24.645975353105307,211.21387365336247,254.99999999999997
250,40.60399638547579,210.28101151697777,254.99999999999997
251,51.927326270217854,209.3440550101218,254.99999999999997
252,61.141853067371635,208.40328922534445,254.99999999999997
253,69.0944650718029,207.45899806516303,254.99999999999997
254,76.18902396821346,206.5114640238497,254.99999999999997
255,82.6541928099771,205.56096796986685,254.99999999999997
256,88.63372310374507,204.60778892941084,254.99999999999997
257,94.2246503297669,203.65220387155026,254.99999999999997
258,99.49595329964659,202.6944874954541,254.99999999999997
259,104.49863635613299,201.73491202022754,254.99999999999997
260,109.27160160355554,200.7737469778871,254.99999999999997
261,113.84527425331049,199.8112590100205,254.99999999999997
262,118.24394765296843,198.8477116686938,254.99999999999997
263,122.4873592610229,197.8833652221775,254.99999999999997
264,126.59178414982333,196.91847646608042,254.99999999999997
265,130.5708145812765,195.95329854048296,254.99999999999997
266,134.43592887372765,194.9880807536778,254.99999999999997
267,138.1969149977003,194.02306841312947,254.99999999999997
268,141.86219164732907,193.0585026642692,254.99999999999997
269,145.43905545246022,192.094620337747,254.99999999999997
270,148.93387400257626,191.13165380576416,254.99999999999997
271,152.35223846181307,190.1698308481094,254.99999999999997
272,155.6990856062001,189.2093745285143,254.99999999999997
273,158.97879641439323,188.25050308195097,254.99999999999997
274,162.1952764628715,187.29342981346943,254.99999999999997
275,165.3520220450589,186.33836300918202,254.99999999999997
276,168.45217497666107,185.38550585997265,254.99999999999997
277,171.49856835178326,184.43505639850514,254.99999999999997
278,174.49376499932902,183.48720745008254,254.99999999999997
279,177.4400900044628,182.5421465978871,254.99999999999997
280,180.33965836942284,181.60005616311204,254.99999999999997
281,183.19439866641792,180.6611132004677,254.99999999999997
282,186.00607336479342,179.72548950951222,254.99999999999997
283,188.77629638216828,178.7933516622348,254.99999999999997
284,191.5065483055628,177.86486104727297,254.99999999999997
285,194.19818964669793,176.94017393112037,254.99999999999997
286,196.85247243063955,176.01944153663194,254.99999999999997
287,199.47055036494436,175.10281013909844,254.99999999999997
288,202.05348779458745,174.1904211801114,254.99999999999997
289,204.60226761402984,173.2824113993998,254.99999999999997
290,207.11779828015975,172.37891298476282,254.99999999999997
291,209.60092004721275,171.48005374017498,254.99999999999997
292,212.05241052614136,170.58595727208998,254.99999999999997
293,214.472989655511,169.69674319390495,254.99999999999997
294,216.86332415818575,168.81252734850048,254.99999999999997
295,219.22403154738376,167.9334220487036,254.99999999999997
296,221.55568373672702,167.05953633546648,254.99999999999997
297,223.85881030137182,166.19097625348837,254.99999999999997
298,226.1339014309338,165.32784514395016,254.99999999999997
299,228.38141060953419,164.4702439539586,254.99999999999997
300,230.60175705368678,163.61827156224166,254.99999999999997
301,232.79532793483042,162.77202512056547,254.99999999999997
302,234.9624804099566,161.93160041027716,254.99999999999997
303,237.10354348088518,161.0970922133107,254.99999999999997
304,239.21881970026172,160.26859469693045,254.99999999999997
305,241.3085867402043,159.44620181140752,254.99999999999997
306,243.37309883764794,158.63000769977236,254.99999999999997
307,245.41258812884124,157.82010711869964,254.99999999999997
308,247.4272658840161,157.01659586952695,254.99999999999997
309,249.41732365203222,156.21957123833445,254.99999999999997
310,251.38293432371788,155.42913244394109,254.99999999999997
311,253.32425312168235,154.6453810926032,254.99999999999997
312,254.99999999999997,153.86842163813986,254.99999999999997
313,254.99999999999997,153.09836184612328,254.99999999999997
314,254.99999999999997,152.33531326071915,254.99999999999997
315,254.99999999999997,151.5793916726764,254.99999999999997
316,254.99999999999997,150.83071758690568,254.99999999999997
317,254.99999999999997,150.08941668800844,254.99999999999997
318,254.99999999999997,149.35562030204684,254.99999999999997
319,254.99999999999997,148.62946585277825,254.99999999999997
320,254.99999999999997,147.91109731050273,254.99999999999997
321,254.99999999999997,147.2006656315974,254.99999999999997
322,254.99999999999997,146.4983291867515,254.99999999999997
323,254.99999999999997,145.8042541758322,254.99999999999997
324,254.99999999999997,145.118615027254,254.99999999999997
325,254.99999999999997,144.44159477964948,254.99999999999997
326,254.99999999999997,143.7733854435769,254.99999999999997
327,254.99999999999997,143.11418834093945,254.99999999999997
328,254.99999999999997,142.46421441972643,254.99999999999997
329,254.99999999999997,141.82368454163958,254.99999999999997
330,254.99999999999997,141.19282974011108,254.99999999999997
331,254.99999999999997,140.57189144618462,254.99999999999997
332,254.99999999999997,139.9611216796907,254.99999999999997
333,254.99999999999997,139.36078320312916,254.99999999999997
334,254.99999999999997,138.77114963564878,254.99999999999997
335,254.99999999999997,138.1925055245235,254.99999999999997
336,254.99999999999997,137.62514637153208,254.99999999999997
337,254.99999999999997,137.0693786116789,254.99999999999997
338,254.99999999999997,136.52551954174683,254.99999999999997
339,254.99999999999997,135.99389719623966,254.61973127877786
340,254.99999999999997,135.47485016836433,252.16165835648653
341,254.99999999999997,134.96872737383188,249.68504050764554
342,254.99999999999997,134.47588775538463,247.19028688092214
343,254.99999999999997,133.99669992615296,244.67779680199263
344,254.99999999999997,133.5315417501407,242.14795903959606
345,254.99999999999997,133.08079985838359,239.6011510421368
346,254.99999999999997,132.64486909960002,237.03773814224294
347,254.99999999999997,132.2241519244727,234.45807272637478
348,254.99999999999997,131.8190577030351,231.86249336625173
349,254.99999999999997,131.43000197504153,229.25132390846576
350,254.99999999999997,131.05740563360544,226.6248725182279
351,254.99999999999997,130.70169404285647,223.9834306726848
352,254.99999999999997,130.36329609086596,221.3272720987013
353,254.99999999999997,130.04264317959579,218.65665164934558
354,254.99999999999997,129.7401681541928,215.97180411260678
355,254.99999999999997,129.45630417451923,213.27294294503085
356,254.99999999999997,129.19148353239564,210.56025892201518
357,254.99999999999997,128.9461364186448,207.8339186954128
358,254.99999999999997,128.72068964462593,205.09406324783666
359,254.99999999999997,128.51556532355858,202.34080623161591
