rt,stimulus,response,trial_type,trial_index,time_elapsed,internal_node_id,experiment,experiment_type,subject_id,unique_id,browser_window_height,browser_window_width,futurestudyAlert,studyresultsEmail,tab_away_count,trial_event,trial_number,trial_condition,cue_type,set_size,target,duration_ms,is_practice,redundancy,target_orientation,num_items,target_color,target_angle_norotation,target_angle_rotated,rotation,response_radians,response_orientation,response_orientation_360,response_error_deg,response_RT,response_RT_from_start,leave_center_RT,points,too_slow_trigger,too_fast_trigger,started_outof_center,timeout,mouse_movement_rt,mouse_movement_coords,target_patchN,all_patch_angles,all_patch_colors,all_patch_orientations,patch_angles_from_center,patch_imaginary_circle,patch_indiv_size_radius,outer_wheel_radius,inner_wheel_radius,wheel_canvas_height_width,source,value
,,,confidence-wheel,5,5170,0.0-5.0,Daz2026_Encoding_Online_SubExp1,practice_effect,5823,,920,1470,False,False,0,stimulus_wheel_display_event,1.0,,R-cue,6.0,5.0,100.0,False,1.0,,6.0,"[0,249.37733486213727,157.721254130339]",162.0,328.0,[166],[0.5356876743876341],[329.3073571204103],,[1.3073571204103018],[35.100000001490116],[236.60000000149012],[201.5],[99],[false],[true],[false],[false],"[26,51,76,101,126,150,176,202,227]","[""(0,0)"",""(0,0)"",""(0,0)"",""(0,0)"",""(0,0)"",""(0,0)"",""(2,-1)"",""(37,28)"",""(80,52)""]",6.0,"[162,289,346,162,118,162]","[[0,249.37733486213727,157.721254130339],[204.60226761402984,173.28241139939973,254.99999999999997],[254.99999999999997,132.6448690995999,237.03773814224297],[0,249.37733486213727,157.721254130339],[194.3810464076294,223.1830732080957,0],[0,249.37733486213727,157.721254130339]]",,"[134,194,14,74,314,254]",114.0,25.0,227.0,197.0,"[874,1396]",sub1,
,,,confidence-wheel,10,7511,0.0-10.0,Daz2026_Encoding_Online_SubExp1,practice_effect,5823,,920,1470,False,False,0,stimulus_wheel_display_event,2.0,,R-cue,6.0,1.0,200.0,False,1.0,,6.0,"[254.99999999999997,127.65419070828133,179.8353457860729]",7.0,173.0,[166],[0.8853872260026057],[309.2710487152551],,[136.27104871525512],[70.39999999850988],[261.3999999985099],[191],[24],[false],[true],[false],[false],"[25,51,76,101,126,161,187,211,236,261]","[""(0,0)"",""(0,0)"",""(0,0)"",""(0,0)"",""(-1,-6)"",""(7,6)"",""(14,17)"",""(39,54)"",""(83,107)"",""(139,170)""]",2.0,"[7,7,316,219,44,7]","[[254.99999999999997,127.65419070828133,179.8353457860729],[254.99999999999997,127.65419070828133,179.8353457860729],[254.99999999999997,150.83071758690568,254.99999999999997],[0,235.8917112640523,254.99999999999997],[254.99999999999997,143.94594530044728,48.294291724936826],[254.99999999999997,127.65419070828133,179.8353457860729]]",,"[330,270,30,210,90,150]",114.0,25.0,227.0,197.0,"[874,1396]",sub1,
,,,confidence-wheel,15,10166,0.0-15.0,Daz2026_Encoding_Online_SubExp1,practice_effect,5823,,920,1470,False,False,0,stimulus_wheel_display_event,3.0,,NR-cue,6.0,1.0,100.0,False,0.0,,6.0,"[235.03750787788755,208.3948506053053,0]",103.0,269.0,[166],[0.5452271555372752],[328.7607851117913],,[59.76078511179128],[49.30000000447035],[585.4000000059605],[536.1000000014901],[67],[false],[false],[false],[false],"[26,51,76,101,126,151,176,201,226,251,276,301,325,351,376,401,426,451,477,502,526,551,576]","[""(0,0)"",""(0,0)"",""(0,0)"",""(0,0)"",""(0,0)"",""(0,0)"",""(0,0)"",""(0,0)"",""(0,0)"",""(0,0)"",""(0,0)"",""(0,0)"",""(-3,-2)"",""(-3,-2)"",""(-3,-2)"",""(-3,-2)"",""(-3,-2)"",""(-3,-2)"",""(-2,-2)"",""(1,0)"",""(28,16)"",""(54,30)"",""(144,86)""]",2.0,"[133,103,246,133,133,66]","[[142.14097066019073,235.34000745550577,37.32315319907818],[235.03750787788755,208.3948506053053,0],[0,213.98502964837334,254.99999999999997],[142.14097066019073,235.34000745550577,37.32315319907818],[142.14097066019073,235.34000745550577,37.32315319907818],[254.99999999999997,166.32412173435858,0]]",,"[19,79,259,199,139,319]",114.0,25.0,227.0,197.0,"[874,1396]",sub1,
,,,confidence-wheel,20,12431,0.0-20.0,Daz2026_Encoding_Online_SubExp1,practice_effect,5823,,920,1470,False,False,0,stimulus_wheel_display_event,4.0,,R-cue,6.0,5.0,50.0,False,1.0,,6.0,"[254.99999999999997,170.87974280283288,0]",70.0,236.0,[166],[0.4993467216801301],[331.3895403340348],,[95.38954033403479],[71.59999999403954],[671.5999999940395],[600],[47],[false],[false],[false],[false],"[26,52,76,101,126,151,177,201,226,251,276,301,327,352,377,401,427,451,476,501,525,550,576,600,626,650]","[""(0,0)"",""(0,0)"",""(0,0)"",""(0,0)"",""(0,0)"",""(0,0)"",""(0,0)"",""(0,0)"",""(0,0)"",""(0,0)"",""(0,0)"",""(0,0)"",""(0,0)"",""(0,0)"",""(0,0)"",""(0,0)"",""(0,0)"",""(0,0)"",""(0,0)"",""(0,0)"",""(1,-3)"",""(9,1)"",""(18,7)"",""(49,24)"",""(69,34)"",""(138,73)""]",6.0,"[13,210,70,174,70,70]","[[254.99999999999997,127.9910157973561,162.36790568394593],[0,241.4279644519829,254.99999999999997],[254.99999999999997,170.87974280283288,0],[0,251.0748217718652,194.20418654126073],[254.99999999999997,170.87974280283288,0],[254.99999999999997,170.87974280283288,0]]",,"[310,70,190,250,10,130]",114.0,25.0,227.0,197.0,"[874,1396]",sub1,
,,,confidence-wheel,25,14606,0.0-25.0,Daz2026_Encoding_Online_SubExp1,practice_effect,5823,,920,1470,False,False,0,stimulus_wheel_display_event,5.0,,R-cue,6.0,1.0,250.0,False,1.0,,6.0,"[202.05348779458745,174.1904211801114,254.99999999999997]",288.0,94.0,[166],[0.7456839565642095],[317.2754564382542],,[-136.7245435617458],[84.5],[635.7000000029802],[551.2000000029802],[24],[false],[false],[false],[false],"[26,51,76,101,126,151,177,201,226,251,276,301,326,352,376,401,426,451,476,501,526,551,576,600,626]","[""(0,0)"",""(0,0)"",""(0,0)"",""(0,0)"",""(0,0)"",""(0,0)"",""(0,0)"",""(0,0)"",""(0,0)"",""(0,0)"",""(0,0)"",""(0,0)"",""(0,0)"",""(0,0)"",""(0,0)"",""(-4,-5)"",""(-3,-5)"",""(-2,-2)"",""(-1,-1)"",""(1,2)"",""(5,6)"",""(40,40)"",""(59,57)"",""(105,99)"",""(128,120)""]",2.0,"[288,288,288,22,112,235]","[[202.05348779458745,174.1904211801114,254.99999999999997],[202.05348779458745,174.1904211801114,254.99999999999997],[202.05348779458745,174.1904211801114,254.99999999999997],[254.99999999999997,130.19684608625317,134.957530249193],[211.73322813882052,217.54479691915927,0],[0,223.6834055439719,254.99999999999997]]",,"[47,107,287,227,347,167]",114.0,25.0,227.0,197.0,"[874,1396]",sub1,
,,,confidence-wheel,30,16569,0.0-30.0,Daz2026_Encoding_Online_SubExp1,practice_effect,5823,,920,1470,False,False,0,stimulus_wheel_display_event,6.0,,NR-cue,6.0,2.0,250.0,False,0.0,,6.0,"[254.99999999999997,145.118615027254,254.99999999999997]",324.0,130.0,[166],[0.7246621452501578],[318.47991750426974],,[-171.52008249573026],[135.39999999850988],[675.7000000029802],[540.3000000044703],[5],[false],[false],[false],[false],"[26,52,76,101,126,151,176,201,227,252,275,301,326,352,376,401,426,451,476,501,526,550,575,601,626,651,676]","[""(0,0)"",""(0,0)"",""(0,0)"",""(0,0)"",""(0,0)"",""(0,0)"",""(0,0)"",""(0,0)"",""(0,0)"",""(0,0)"",""(0,0)"",""(0,0)"",""(0,0)"",""(0,0)"",""(-3,-4)"",""(-3,-3)"",""(0,1)"",""(1,2)"",""(8,10)"",""(12,14)"",""(23,25)"",""(37,38)"",""(65,65)"",""(77,75)"",""(111,105)"",""(130,120)"",""(157,139)""]",3.0,"[141,354,324,201,354,354]","[[104.86675393393053,240.5408823179081,82.59791850712752],[254.99999999999997,129.7401681541928,215.97180411260678],[254.99999999999997,145.118615027254,254.99999999999997],[0,245.8130424943353,254.99999999999997],[254.99999999999997,129.7401681541928,215.97180411260678],[254.99999999999997,129.7401681541928,215.97180411260678]]",,"[151,211,31,91,331,271]",114.0,25.0,227.0,197.0,"[874,1396]",sub1,
,,,confidence-wheel,35,18761,0.0-35.0,Daz2026_Encoding_Online_SubExp1,practice_effect,5823,,920,1470,False,False,0,stimulus_wheel_display_event,7.0,,R-cue,6.0,4.0,350.0,False,1.0,,6.0,"[0,250.671873023558,179.3284415939549]",169.0,335.0,[166],[0.5679607439945007],[327.4582464400049],,[-7.5417535599950725],[100.69999999552965],[766],[665.3000000044703],[96],[false],[false],[false],[false],"[26,51,75,101,126,151,176,201,227,251,276,302,326,351,376,401,426,451,476,501,526,550,576,601,626,651,676,701,726,751]","[""(0,0)"",""(0,0)"",""(0,0)"",""(0,0)"",""(0,0)"",""(0,0)"",""(0,0)"",""(0,0)"",""(0,0)"",""(0,0)"",""(0,0)"",""(0,0)"",""(0,0)"",""(-2,-6)"",""(-2,-6)"",""(-1,-6)"",""(-1,-5)"",""(-1,-5)"",""(-1,-5)"",""(-1,-5)"",""(-1,-5)"",""(0,-4)"",""(1,-4)"",""(2,-2)"",""(5,1)"",""(23,15)"",""(35,24)"",""(77,54)"",""(100,70)"",""(159,106)""]",5.0,"[234,169,169,353,169,278]","[[0,224.52049121688856,254.99999999999997],[0,250.671873023558,179.3284415939549],[0,250.671873023558,179.3284415939549],[254.99999999999997,130.04264317959579,218.65665164934558],[0,250.671873023558,179.3284415939549],[174.49376499932902,183.48720745008254,254.99999999999997]]",,"[262,202,82,22,142,322]",114.0,25.0,227.0,197.0,"[874,1396]",sub1,
,,,confidence-wheel,40,21012,0.0-40.0,Daz2026_Encoding_Online_SubExp1,practice_effect,5823,,920,1470,False,False,0,stimulus_wheel_display_event,8.0,,R-cue,6.0,5.0,150.0,False,1.0,,6.0,"[254.99999999999997,195.188986991524,0]",91.0,257.0,[166],[0.5590798535093613],[327.96708398312126],,[70.96708398312126],[79.89999999850988],[625.5999999940395],[545.6999999955297],[61],[false],[false],[false],[false],"[26,51,77,102,127,151,177,202,227,251,276,301,326,352,376,401,425,451,475,501,526,551,575,601,625]","[""(0,0)"",""(0,0)"",""(0,0)"",""(0,0)"",""(0,0)"",""(0,0)"",""(0,0)"",""(0,0)"",""(0,0)"",""(0,0)"",""(0,0)"",""(0,0)"",""(0,0)"",""(0,0)"",""(0,0)"",""(-1,1)"",""(-1,2)"",""(0,2)"",""(3,4)"",""(8,6)"",""(30,21)"",""(48,33)"",""(105,66)"",""(134,85)"",""(187,117)""]",6.0,"[273,91,235,91,156,91]","[[158.97879641439323,188.25050308195094,254.99999999999997],[254.99999999999997,195.188986991524,0],[0,223.6834055439719,254.99999999999997],[254.99999999999997,195.188986991524,0],[0,247.59779504002384,138.30854534373302],[254.99999999999997,195.188986991524,0]]",,"[36,156,336,96,216,276]",114.0,25.0,227.0,197.0,"[874,1396]",sub1,
,,,confidence-wheel,45,23607,0.0-45.0,Daz2026_Encoding_Online_SubExp1,practice_effect,5823,,920,1470,False,False,0,stimulus_wheel_display_event,9.0,,NR-cue,6.0,4.0,350.0,False,0.0,,6.0,"[133.7508415136246,236.7289657530137,51.77464027768778]",135.0,301.0,[166],[0.5170319524915414],[330.3762512488262],,[29.37625124882618],[50.399999998509884],[921],[870.6000000014901],[84],[false],[false],[false],[false],"[26,51,76,102,126,151,177,201,226,251,276,301,326,352,377,402,427,451,476,501,526,551,577,602,627,652,676,701,726,751,776,802,826,851,875,901]","[""(-7,-4)"",""(-7,-4)"",""(-7,-4)"",""(-7,-4)"",""(-7,-4)"",""(-7,-4)"",""(-7,-4)"",""(-7,-4)"",""(-7,-4)"",""(-7,-4)"",""(-7,-4)"",""(-7,-4)"",""(-7,-4)"",""(-7,-4)"",""(-7,-4)"",""(-7,-4)"",""(-7,-4)"",""(-7,-4)"",""(-7,-4)"",""(-7,-4)"",""(-7,-4)"",""(-7,-4)"",""(-7,-4)"",""(-7,-4)"",""(-7,-4)"",""(-7,-4)"",""(-7,-4)"",""(-7,-4)"",""(-7,-4)"",""(-7,-4)"",""(-7,-4)"",""(-7,-4)"",""(-6,-3)"",""(7,4)"",""(55,32)"",""(116,66)""]",5.0,"[337,337,268,337,135,226]","[[254.99999999999997,137.0693786116789,254.99999999999997],[254.99999999999997,137.0693786116789,254.99999999999997],[141.86219164732907,193.0585026642692,254.99999999999997],[254.99999999999997,137.0693786116789,254.99999999999997],[133.7508415136246,236.7289657530137,51.77464027768778],[0,230.8833971120676,254.99999999999997]]",,"[175,355,55,235,295,115]",114.0,25.0,227.0,197.0,"[874,1396]",sub1,
,,,confidence-wheel,50,25510,0.0-50.0,Daz2026_Encoding_Online_SubExp1,practice_effect,5823,,920,1470,False,False,0,stimulus_wheel_display_event,10.0,,NR-cue,6.0,1.0,200.0,False,0.0,,6.0,"[242.15487497323255,205.18624226679162,0]",100.0,266.0,[166],[0.662215501256172],[322.05784664988107],,[56.05784664988107],[85.70000000298023],[581.5],[495.79999999701977],[69],[false],[false],[false],[false],"[26,51,77,102,126,151,176,201,226,252,276,301,326,351,376,401,426,451,476,500,526,552,576]","[""(0,0)"",""(0,0)"",""(0,0)"",""(0,0)"",""(0,0)"",""(0,0)"",""(0,0)"",""(0,0)"",""(0,0)"",""(0,0)"",""(0,0)"",""(0,0)"",""(0,0)"",""(1,-6)"",""(1,-5)"",""(3,-4)"",""(3,-3)"",""(6,1)"",""(11,6)"",""(39,31)"",""(63,49)"",""(113,90)"",""(140,112)""]",2.0,"[58,100,181,329,329,329]","[[254.99999999999997,157.539563307609,0],[242.15487497323255,205.18624226679162,0],[0,250.90598009217365,214.3121082430185],[254.99999999999997,141.82368454163958,254.99999999999997],[254.99999999999997,141.82368454163958,254.99999999999997],[254.99999999999997,141.82368454163958,254.99999999999997]]",,"[93,153,213,333,273,33]",114.0,25.0,227.0,197.0,"[874,1396]",sub1,
,,,confidence-wheel,55,27984,0.0-55.0,Daz2026_Encoding_Online_SubExp1,practice_effect,5823,,920,1470,False,False,0,stimulus_wheel_display_event,11.0,,NR-cue,6.0,0.0,300.0,False,0.0,,6.0,"[0,241.4279644519829,254.99999999999997]",210.0,16.0,[166],[0.5628682328481106],[327.75002583581636],,[-48.24997416418364],[100.90000000596046],[591.6000000014901],[490.69999999552965],[73],[false],[false],[false],[false],"[27,51,76,101,126,151,176,201,226,251,276,301,327,351,376,401,426,452,476,501,526,551,576]","[""(0,0)"",""(0,0)"",""(0,0)"",""(0,0)"",""(0,0)"",""(0,0)"",""(0,0)"",""(0,0)"",""(0,0)"",""(0,0)"",""(0,0)"",""(0,0)"",""(-1,-7)"",""(0,-7)"",""(1,-6)"",""(2,-4)"",""(4,-2)"",""(7,0)"",""(28,15)"",""(44,25)"",""(99,59)"",""(122,74)"",""(150,94)""]",1.0,"[210,120,120,315,283,120]","[[0,241.4279644519829,254.99999999999997],[188.22541596687572,224.97053164626848,0],[188.22541596687572,224.97053164626848,0],[254.99999999999997,151.5793916726763,254.99999999999997],[188.77629638216828,178.7933516622348,254.99999999999997],[188.22541596687572,224.97053164626848,0]]",,"[22,142,322,202,82,262]",114.0,25.0,227.0,197.0,"[874,1396]",sub1,
,,,confidence-wheel,60,30009,0.0-60.0,Daz2026_Encoding_Online_SubExp1,practice_effect,5823,,920,1470,False,False,0,stimulus_wheel_display_event,12.0,,R-cue,6.0,0.0,300.0,False,1.0,,6.0,"[254.99999999999997,129.19148353239564,210.56025892201518]",356.0,162.0,[166],[0.604991260230363],[325.33655414649934],,[163.33655414649934],[80],[590.7999999970198],[510.79999999701977],[9],[false],[false],[false],[false],"[26,51,76,101,126,151,176,201,226,251,276,301,326,351,376,401,426,451,476,501,526,551,575]","[""(0,0)"",""(0,0)"",""(0,0)"",""(0,0)"",""(0,0)"",""(0,0)"",""(0,0)"",""(0,0)"",""(0,0)"",""(0,0)"",""(0,0)"",""(0,0)"",""(0,0)"",""(0,0)"",""(0,0)"",""(0,0)"",""(-6,-4)"",""(-6,-3)"",""(4,5)"",""(15,12)"",""(66,44)"",""(83,54)"",""(142,94)""]",1.0,"[356,356,27,356,124,297]","[[254.99999999999997,129.19148353239564,210.56025892201518],[254.99999999999997,129.19148353239564,210.56025892201518],[254.99999999999997,132.31801064758432,118.80768378459571],[254.99999999999997,129.19148353239564,210.56025892201518],[175.2748331685747,228.39808066392806,0],[223.85881030137182,166.19097625348837,254.99999999999997]]",,"[213,93,273,153,333,33]",114.0,25.0,227.0,197.0,"[874,1396]",sub1,
,,,confidence-wheel,65,32500,0.0-65.0,Daz2026_Encoding_Online_SubExp1,practice_effect,5823,,920,1470,False,False,0,stimulus_wheel_display_event,13.0,,NR-cue,6.0,5.0,50.0,False,0.0,,6.0,"[230.60175705368678,163.61827156224166,254.99999999999997]",300.0,106.0,[166],[0.6227607815574002],[324.3184355704924],,[-141.6815644295076],[86],[611.1999999955297],[525.1999999955297],[21],[false],[false],[false],[false],"[26,52,76,101,126,151,176,201,226,252,277,301,326,351,376,401,426,451,475,502,525,551,575,601]","[""(0,0)"",""(0,0)"",""(0,0)"",""(0,0)"",""(0,0)"",""(0,0)"",""(0,0)"",""(0,0)"",""(0,0)"",""(0,0)"",""(0,0)"",""(0,0)"",""(0,0)"",""(0,0)"",""(0,0)"",""(0,0)"",""(0,0)"",""(-1,-6)"",""(1,-4)"",""(7,0)"",""(39,23)"",""(59,37)"",""(109,73)"",""(153,108)""]",6.0,"[5,5,152,5,55,300]","[[254.99999999999997,127.7342913361826,185.54226832472986],[254.99999999999997,127.7342913361826,185.54226832472986],[0,246.07428943390104,124.74309607311493],[254.99999999999997,127.7342913361826,185.54226832472986],[254.99999999999997,154.40216566099855,0],[230.60175705368678,163.61827156224166,254.99999999999997]]",,"[72,12,312,192,132,252]",114.0,25.0,227.0,197.0,"[874,1396]",sub1,
,,,confidence-wheel,70,34571,0.0-70.0,Daz2026_Encoding_Online_SubExp1,practice_effect,5823,,920,1470,False,False,0,stimulus_wheel_display_event,14.0,,NR-cue,6.0,5.0,150.0,False,0.0,,6.0,"[0,250.88540797683103,185.33113254881016]",171.0,337.0,[166],[0.6488725880182717],[322.822339264822],,[-14.177660735177994],[100.89999999850988],[596.2000000029802],[495.30000000447035],[92],[false],[false],[false],[false],"[26,51,76,101,126,151,176,201,226,251,276,302,327,352,376,401,426,450,476,500,526,551,576]","[""(0,0)"",""(0,0)"",""(0,0)"",""(0,0)"",""(0,0)"",""(0,0)"",""(0,0)"",""(0,0)"",""(0,0)"",""(0,0)"",""(0,0)"",""(0,0)"",""(0,0)"",""(-9,-3)"",""(-9,-3)"",""(-7,-2)"",""(-7,-1)"",""(3,5)"",""(13,13)"",""(41,33)"",""(60,48)"",""(122,97)"",""(140,110)""]",6.0,"[223,223,223,90,127,171]","[[0,233.09920623902363,254.99999999999997],[0,233.09920623902363,254.99999999999997],[0,233.09920623902363,254.99999999999997],[254.99999999999997,194.0504693857919,0],[164.92474722929677,230.83406596207834,0],[0,250.88540797683103,185.33113254881016]]",,"[204,24,264,84,144,324]",114.0,25.0,227.0,197.0,"[874,1396]",sub1,
,,,confidence-wheel,6,4148,0.0-6.0,Daz2026_Encoding_Online_SubExp2,Context Effect Hypothesis,9726,,920,1470,False,False,0,stimulus_wheel_display_event,1.0,Baseline,Baseline,6.0,4.0,150.0,False,0.0,,6.0,"[0,246.61888262552694,254.99999999999997]",199.0,58.0,[219],[0.7399748839758712],[317.6025622024998],,[-100.39743779750017],[129.30000000447035],[866.2000000029802],[736.8999999985099],[44],[false],[false],[false],[false],"[27,51,76,101,126,151,176,201,226,251,276,301,326,350,376,401,426,451,476,501,526,552,576,601,625,651,676,701,726,751,777,801,826,850]","[""(0,0)"",""(0,0)"",""(0,0)"",""(0,0)"",""(0,0)"",""(0,0)"",""(0,0)"",""(0,0)"",""(0,0)"",""(0,0)"",""(0,0)"",""(0,0)"",""(0,0)"",""(0,0)"",""(0,0)"",""(0,0)"",""(0,0)"",""(0,0)"",""(0,0)"",""(0,0)"",""(0,0)"",""(-1,-4)"",""(-1,-4)"",""(-1,-4)"",""(-1,-4)"",""(-1,-2)"",""(2,2)"",""(11,10)"",""(18,17)"",""(43,40)"",""(57,53)"",""(83,77)"",""(104,95)"",""(141,128)""]",5.0,"[343,231,82,16,199,137]","[[254.99999999999997,133.99669992615298,244.67779680199263],[0,226.97879806772292,254.99999999999997],[254.99999999999997,184.81674994951064,0],[254.99999999999997,128.49590394738033,153.41563786780392],[0,246.61888262552694,254.99999999999997],[124.83482655074766,238.0594783547703,63.36864320793679]]",,"[229,289,169,49,109,349]",114.0,25.0,227.0,197.0,"[874,1396]",sub2,
,,,confidence-wheel,11,6278,0.0-11.0,Daz2026_Encoding_Online_SubExp2,Context Effect Hypothesis,9726,,920,1470,False,False,0,stimulus_wheel_display_event,2.0,Baseline,Baseline,6.0,5.0,50.0,False,0.0,,6.0,"[254.99999999999997,127.80905304237561,188.37532394841043]",4.0,223.0,[219],[0.7821619287407301],[315.1854225873439],,[92.18542258734391],[114.79999999701977],[695.6000000014901],[580.8000000044703],[49],[false],[false],[false],[false],"[26,51,76,102,127,152,176,202,226,251,276,302,326,352,376,402,427,451,476,500,526,552,577,600,626,651,676]","[""(0,0)"",""(0,0)"",""(0,0)"",""(0,0)"",""(0,0)"",""(0,0)"",""(0,0)"",""(0,0)"",""(0,0)"",""(0,0)"",""(0,0)"",""(0,0)"",""(0,0)"",""(0,0)"",""(0,0)"",""(0,0)"",""(0,0)"",""(0,0)"",""(0,0)"",""(0,0)"",""(0,1)"",""(12,16)"",""(22,25)"",""(49,51)"",""(60,61)"",""(96,100)"",""(112,115)""]",6.0,"[258,139,323,75,184,4]","[[99.49595329964659,202.6944874954541,254.99999999999997],[115.26850643018952,239.33046154665684,73.45579443538075],[254.99999999999997,145.80425417583214,254.99999999999997],[254.99999999999997,176.66224181102984,0],[0,250.57295232275467,222.6719126120019],[254.99999999999997,127.80905304237561,188.37532394841043]]",,"[174,234,114,294,354,54]",114.0,25.0,227.0,197.0,"[874,1396]",sub2,
,,,confidence-wheel,16,8466,0.0-16.0,Daz2026_Encoding_Online_SubExp2,Context Effect Hypothesis,9726,,920,1470,False,False,0,stimulus_wheel_display_event,3.0,NR-cue,NR-cue,4.0,1.0,150.0,False,0.0,,4.0,"[0,245.6519374356232,121.25074896101466]",151.0,10.0,[219],[0.7273987701894953],[318.32312044513543],,[-51.67687955486457],[100],[645.6000000014901],[545.6000000014901],[71],[false],[false],[false],[false],"[26,51,76,101,126,151,176,201,226,251,276,301,326,351,376,401,426,452,476,501,526,551,576,601,626]","[""(0,0)"",""(0,0)"",""(0,0)"",""(0,0)"",""(0,0)"",""(0,0)"",""(0,0)"",""(0,0)"",""(0,0)"",""(0,0)"",""(0,0)"",""(0,0)"",""(0,0)"",""(0,0)"",""(0,0)"",""(0,0)"",""(0,0)"",""(-2,-9)"",""(-2,-9)"",""(3,-5)"",""(9,1)"",""(37,25)"",""(53,40)"",""(108,90)"",""(128,108)""]",2.0,"[277,151,277,12]","[[171.49856835178326,184.43505639850514,254.99999999999997],[0,245.6519374356232,121.25074896101466],[171.49856835178326,184.43505639850514,254.99999999999997],[254.99999999999997,127.87323268713395,165.31759881658613]]",,"[341,71,161,251]",114.0,25.0,227.0,197.0,"[874,1396]",sub2,
,,,confidence-wheel,21,11075,0.0-21.0,Daz2026_Encoding_Online_SubExp2,Context Effect Hypothesis,9726,,920,1470,False,False,0,stimulus_wheel_display_event,4.0,Baseline,Baseline,4.0,3.0,50.0,False,0.0,,4.0,"[222.46696552113752,213.5730344480282,0]",108.0,327.0,[219],[0.7365770539439084],[317.7972435228341],,[-9.202756477165906],[85.29999999701977],[985.8999999985099],[900.6000000014901],[95],[false],[false],[false],[false],"[26,52,76,101,127,151,176,201,226,251,277,301,326,351,376,401,426,451,476,501,526,551,576,601,626,651,676,701,726,751,776,801,826,851,883,906,931,956,981]","[""(0,0)"",""(0,0)"",""(0,0)"",""(0,0)"",""(0,0)"",""(0,0)"",""(0,0)"",""(0,0)"",""(0,0)"",""(0,0)"",""(0,0)"",""(0,0)"",""(0,0)"",""(0,0)"",""(0,0)"",""(0,0)"",""(0,0)"",""(0,0)"",""(0,0)"",""(0,0)"",""(0,0)"",""(0,0)"",""(0,0)"",""(0,0)"",""(0,0)"",""(0,0)"",""(0,0)"",""(0,0)"",""(0,0)"",""(0,0)"",""(0,0)"",""(-3,-5)"",""(-2,-4)"",""(5,2)"",""(21,15)"",""(35,28)"",""(55,48)"",""(119,109)"",""(141,130)""]",4.0,"[28,158,316,108]","[[254.99999999999997,132.8177125449908,115.46407504635546],[0,248.2589375494372,144.88826238820684],[254.99999999999997,150.83071758690568,254.99999999999997],[222.46696552113752,213.5730344480282,0]]",,"[256,346,76,166]",114.0,25.0,227.0,197.0,"[874,1396]",sub2,
,,,confidence-wheel,26,13364,0.0-26.0,Daz2026_Encoding_Online_SubExp2,Context Effect Hypothesis,9726,,920,1470,False,False,0,stimulus_wheel_display_event,5.0,R-cue,R-cue,6.0,2.0,50.0,False,1.0,,6.0,"[245.41258812884124,157.8201071186996,254.99999999999997]",307.0,166.0,[219],[0.6067671568834989],[325.2348027634232],,[159.2348027634232],[80.69999999552965],[685.8999999985099],[605.2000000029802],[12],[false],[false],[false],[false],"[26,51,76,102,126,151,177,202,227,252,276,302,326,352,376,401,426,451,476,501,527,551,575,602,626,652,676]","[""(-7,-6)"",""(-7,-6)"",""(-7,-6)"",""(-7,-6)"",""(-7,-6)"",""(-7,-6)"",""(-7,-6)"",""(-7,-6)"",""(-7,-6)"",""(-7,-6)"",""(-7,-6)"",""(-7,-6)"",""(-7,-6)"",""(-7,-6)"",""(-7,-6)"",""(-7,-6)"",""(-7,-6)"",""(-7,-6)"",""(-7,-6)"",""(-7,-6)"",""(-7,-6)"",""(-5,-4)"",""(15,9)"",""(29,17)"",""(66,41)"",""(102,67)"",""(150,103)""]",3.0,"[126,307,307,71,307,186]","[[168.44152611795363,230.03524643474762,0],[245.41258812884124,157.8201071186996,254.99999999999997],[245.41258812884124,157.8201071186996,254.99999999999997],[254.99999999999997,172.03005515173282,0],[245.41258812884124,157.8201071186996,254.99999999999997],[0,250.26473818392608,228.15607831830218]]",,"[305,65,185,125,5,245]",114.0,25.0,227.0,197.0,"[874,1396]",sub2,
,,,confidence-wheel,31,15366,0.0-31.0,Daz2026_Encoding_Online_SubExp2,Context Effect Hypothesis,9726,,920,1470,False,False,0,stimulus_wheel_display_event,6.0,R-cue,R-cue,6.0,5.0,150.0,False,1.0,,6.0,"[254.99999999999997,156.4825983163513,0]",57.0,276.0,[219],[0.6719631715902321],[321.49934627965456],,[45.49934627965456],[115.60000000149012],[601.3000000044703],[485.70000000298023],[75],[false],[false],[false],[false],"[26,51,75,101,127,152,176,201,226,252,277,301,326,351,376,401,426,451,476,500,526,551,577,601]","[""(0,0)"",""(0,0)"",""(0,0)"",""(0,0)"",""(0,0)"",""(0,0)"",""(0,0)"",""(0,0)"",""(0,0)"",""(0,0)"",""(0,0)"",""(0,0)"",""(2,-2)"",""(3,0)"",""(4,1)"",""(8,6)"",""(11,8)"",""(19,16)"",""(24,21)"",""(45,41)"",""(71,62)"",""(117,98)"",""(135,111)"",""(176,140)""]",6.0,"[57,250,133,202,57,57]","[[254.99999999999997,156.4825983163513,0],[40.603996385475845,210.28101151697774,254.99999999999997],[142.14097066019073,235.34000745550577,37.32315319907818],[0,245.3865449584536,254.99999999999997],[254.99999999999997,156.4825983163513,0],[254.99999999999997,156.4825983163513,0]]",,"[211,271,331,31,91,151]",114.0,25.0,227.0,197.0,"[874,1396]",sub2,
,,,confidence-wheel,36,18535,0.0-36.0,Daz2026_Encoding_Online_SubExp2,Context Effect Hypothesis,9726,,920,1470,False,False,0,stimulus_wheel_display_event,7.0,NR-cue,NR-cue,4.0,2.0,250.0,False,0.0,,4.0,"[0,250.98234368916343,211.49066866797486]",180.0,39.0,[219],[0.5800027742076809],[326.76828893202065],,[-72.23171106797935],[65.79999999701977],[621.5],[555.7000000029802],[60],[false],[false],[false],[false],"[26,51,76,101,126,151,177,202,227,252,276,300,326,351,376,401,426,451,476,501,526,551,576,601]","[""(0,0)"",""(0,0)"",""(0,0)"",""(0,0)"",""(0,0)"",""(0,0)"",""(0,0)"",""(0,0)"",""(0,0)"",""(0,0)"",""(0,0)"",""(0,0)"",""(0,0)"",""(0,0)"",""(0,0)"",""(0,0)"",""(0,0)"",""(0,0)"",""(0,0)"",""(1,-3)"",""(14,6)"",""(34,18)"",""(72,44)"",""(111,71)""]",3.0,"[117,262,180,262]","[[197.38561181885046,222.27159239936663,0],[118.24394765296829,198.84771166869382,254.99999999999997],[0,250.98234368916343,211.49066866797486],[118.24394765296829,198.84771166869382,254.99999999999997]]",,"[322,52,232,142]",114.0,25.0,227.0,197.0,"[874,1396]",sub2,
,,,confidence-wheel,41,21099,0.0-41.0,Daz2026_Encoding_Online_SubExp2,Context Effect Hypothesis,9726,,920,1470,False,False,0,stimulus_wheel_display_event,8.0,R-cue,R-cue,4.0,3.0,250.0,False,1.0,,4.0,"[254.99999999999997,127.6495033881634,176.9610598680598]",8.0,227.0,[219],[0.5833022856361239],[326.57924085271566],,[99.57924085271566],[79.69999999552965],[350.69999999552965],[271],[45],[false],[true],[false],[false],"[27,51,76,102,127,152,177,200,226,250,277,300,327,351]","[""(0,0)"",""(0,0)"",""(0,0)"",""(0,0)"",""(0,0)"",""(0,0)"",""(0,-3)"",""(0,-2)"",""(2,-1)"",""(24,11)"",""(41,21)"",""(100,61)"",""(123,78)"",""(197,130)""]",4.0,"[221,8,106,8]","[[0,234.5193784709762,254.99999999999997],[254.99999999999997,127.6495033881634,176.9610598680598],[227.60432389283898,211.52875100222371,0],[254.99999999999997,127.6495033881634,176.9610598680598]]",,"[322,142,232,52]",114.0,25.0,227.0,197.0,"[874,1396]",sub2,
,,,confidence-wheel,46,23375,0.0-46.0,Daz2026_Encoding_Online_SubExp2,Context Effect Hypothesis,9726,,920,1470,False,False,0,stimulus_wheel_display_event,9.0,R-cue,R-cue,4.0,3.0,50.0,False,1.0,,4.0,"[254.99999999999997,157.539563307609,0]",58.0,277.0,[219],[0.6633090260001503],[321.995192297258],,[44.99519229725797],[64.39999999850988],[455.59999999403954],[391.19999999552965],[75],[false],[false],[false],[false],"[26,51,76,102,126,151,176,201,227,251,276,301,325,351,376,401,426,451]","[""(0,0)"",""(0,0)"",""(0,0)"",""(0,0)"",""(0,0)"",""(0,0)"",""(0,0)"",""(0,0)"",""(0,0)"",""(0,0)"",""(0,0)"",""(3,2)"",""(5,4)"",""(9,8)"",""(26,22)"",""(43,36)"",""(119,93)"",""(144,113)""]",4.0,"[302,58,115,58]","[[234.9624804099566,161.93160041027716,254.99999999999997],[254.99999999999997,157.539563307609,0],[203.25588206542054,220.4141278300178,0],[254.99999999999997,157.539563307609,0]]",,"[26,206,116,296]",114.0,25.0,227.0,197.0,"[874,1396]",sub2,
,,,confidence-wheel,51,25583,0.0-51.0,Daz2026_Encoding_Online_SubExp2,Context Effect Hypothesis,9726,,920,1470,False,False,0,stimulus_wheel_display_event,10.0,NR-cue,NR-cue,6.0,2.0,250.0,False,0.0,,6.0,"[254.99999999999997,183.65246585064017,0]",81.0,300.0,[219],[0.5087298243155532],[330.85192815428695],,[30.851928154286952],[64.69999999552965],[581.1999999955297],[516.5],[83],[false],[false],[false],[false],"[27,51,76,101,126,151,176,201,226,252,276,301,327,351,376,401,426,451,476,501,526,551,576]","[""(0,0)"",""(0,0)"",""(0,0)"",""(0,0)"",""(0,0)"",""(0,0)"",""(0,0)"",""(0,0)"",""(0,0)"",""(0,0)"",""(0,0)"",""(0,0)"",""(0,0)"",""(0,0)"",""(0,0)"",""(-6,-7)"",""(-6,-7)"",""(-5,-6)"",""(-3,-4)"",""(18,10)"",""(51,29)"",""(132,73)"",""(170,94)""]",3.0,"[340,226,81,226,25,226]","[[254.99999999999997,135.47485016836433,252.16165835648653],[0,230.8833971120676,254.99999999999997],[254.99999999999997,183.65246585064017,0],[0,230.8833971120676,254.99999999999997],[254.99999999999997,131.39356116399756,125.37162397001104],[0,230.8833971120676,254.99999999999997]]",,"[249,9,309,189,129,69]",114.0,25.0,227.0,197.0,"[874,1396]",sub2,
,,,confidence-wheel,56,27727,0.0-56.0,Daz2026_Encoding_Online_SubExp2,Context Effect Hypothesis,9726,,920,1470,False,False,0,stimulus_wheel_display_event,11.0,NR-cue,NR-cue,6.0,0.0,50.0,False,0.0,,6.0,"[64.25001923744117,243.79919809631278,106.75414586872739]",147.0,6.0,[219],[0.6312259935397702],[323.833414651219],,[-42.166585348780984],[130.39999999850988],[485.8999999985099],[355.5],[77],[false],[false],[false],[false],"[27,52,75,101,126,151,176,201,225,251,276,301,326,351,376,401,426,451,476]","[""(0,0)"",""(0,0)"",""(0,0)"",""(0,0)"",""(0,0)"",""(0,0)"",""(0,0)"",""(0,0)"",""(0,0)"",""(0,0)"",""(-2,-6)"",""(0,-4)"",""(14,7)"",""(23,13)"",""(47,30)"",""(80,56)"",""(95,67)"",""(125,90)"",""(148,108)""]",1.0,"[147,216,333,216,290,216]","[[64.25001923744117,243.79919809631278,106.75414586872739],[0,237.85654245571476,254.99999999999997],[254.99999999999997,139.36078320312916,254.99999999999997],[0,237.85654245571476,254.99999999999997],[207.11779828015966,172.37891298476282,254.99999999999997],[0,237.85654245571476,254.99999999999997]]",,"[69,129,249,309,9,189]",114.0,25.0,227.0,197.0,"[874,1396]",sub2,
,,,confidence-wheel,61,30038,0.0-61.0,Daz2026_Encoding_Online_SubExp2,Context Effect Hypothesis,9726,,920,1470,False,False,0,stimulus_wheel_display_event,12.0,Baseline,Baseline,4.0,3.0,250.0,False,0.0,,4.0,"[254.99999999999997,132.6448690995999,237.03773814224297]",346.0,205.0,[219],[0.7270230030158324],[318.34465031826585],,[113.34465031826585],[99],[635.3999999985099],[536.3999999985099],[37],[false],[false],[false],[false],"[27,52,76,101,127,151,176,201,226,251,275,301,326,351,377,401,425,451,477,501,525,551,576,601,627]","[""(0,0)"",""(0,0)"",""(0,0)"",""(0,0)"",""(0,0)"",""(0,0)"",""(0,0)"",""(0,0)"",""(0,0)"",""(-6,-1)"",""(-6,-1)"",""(-6,0)"",""(-5,0)"",""(-5,0)"",""(-5,1)"",""(-4,2)"",""(-3,3)"",""(-2,4)"",""(1,8)"",""(8,15)"",""(17,24)"",""(41,44)"",""(71,68)"",""(108,100)"",""(129,118)""]",4.0,"[106,211,248,346]","[[227.60432389283898,211.52875100222371,0],[0,240.86723756972975,254.99999999999997],[0,212.14235535510605,254.99999999999997],[254.99999999999997,132.6448690995999,237.03773814224297]]",,"[292,112,22,202]",114.0,25.0,227.0,197.0,"[874,1396]",sub2,
,,,confidence-wheel,66,32153,0.0-66.0,Daz2026_Encoding_Online_SubExp2,Context Effect Hypothesis,9726,,920,1470,False,False,0,stimulus_wheel_display_event,13.0,NR-cue,NR-cue,6.0,1.0,150.0,False,0.0,,6.0,"[0,248.03840596612247,251.89110080743427]",195.0,54.0,[219],[0.7192487600661582],[318.79008162819156],,[-95.20991837180844],[130.20000000298023],[430.8999999985099],[300.69999999552965],[47],[false],[false],[false],[false],"[26,51,77,101,127,152,176,201,227,251,276,301,327,351,376,401,427]","[""(0,0)"",""(0,0)"",""(0,0)"",""(0,0)"",""(0,0)"",""(0,0)"",""(-3,-13)"",""(-2,-12)"",""(-1,-10)"",""(8,1)"",""(14,9)"",""(33,31)"",""(46,43)"",""(69,64)"",""(85,78)"",""(128,113)"",""(148,129)""]",2.0,"[9,195,87,9,9,57]","[[254.99999999999997,127.66879575454229,174.0725232300418],[0,248.03840596612247,251.89110080743427],[254.99999999999997,190.61034207750808,0],[254.99999999999997,127.66879575454229,174.0725232300418],[254.99999999999997,127.66879575454229,174.0725232300418],[254.99999999999997,156.4825983163513,0]]",,"[74,14,194,254,134,314]",114.0,25.0,227.0,197.0,"[874,1396]",sub2,
,,,confidence-wheel,71,34388,0.0-71.0,Daz2026_Encoding_Online_SubExp2,Context Effect Hypothesis,9726,,920,1470,False,False,0,stimulus_wheel_display_event,14.0,R-cue,R-cue,4.0,3.0,150.0,False,1.0,,4.0,"[254.99999999999997,127.7342913361826,185.54226832472986]",5.0,224.0,[219],[0.6078019961139604],[325.1755108430432],,[101.17551084304318],[99.80000000447035],[345.70000000298023],[245.89999999850988],[44],[false],[true],[false],[false],"[26,51,76,100,126,151,176,201,226,251,276,301,326]","[""(0,0)"",""(0,0)"",""(0,0)"",""(3,-3)"",""(3,-2)"",""(5,0)"",""(5,1)"",""(9,5)"",""(17,12)"",""(35,26)"",""(51,36)"",""(111,79)"",""(140,98)""]",4.0,"[327,107,5,5]","[[254.99999999999997,143.11418834093942,254.99999999999997],[225.05420712729506,212.5555589683192,0],[254.99999999999997,127.7342913361826,185.54226832472986],[254.99999999999997,127.7342913361826,185.54226832472986]]",,"[232,142,52,322]",114.0,25.0,227.0,197.0,"[874,1396]",sub2,
,,,confidence-wheel,76,36414,0.0-76.0,Daz2026_Encoding_Online_SubExp2,Context Effect Hypothesis,9726,,920,1470,False,False,0,stimulus_wheel_display_event,15.0,NR-cue,NR-cue,4.0,3.0,50.0,False,0.0,,4.0,"[197.38561181885046,222.27159239936663,0]",117.0,336.0,[219],[0.567439949457849],[327.4880857689485],,[-8.511914231051492],[100.70000000298023],[521.2000000029802],[420.5],[95],[false],[false],[false],[false],"[27,51,76,101,126,151,176,201,226,251,276,301,326,351,376,400,426,451,476,501]","[""(0,0)"",""(0,0)"",""(0,0)"",""(0,0)"",""(0,0)"",""(0,0)"",""(-4,-8)"",""(-4,-7)"",""(-3,-6)"",""(-3,-6)"",""(-3,-5)"",""(-2,-5)"",""(-1,-4)"",""(0,-4)"",""(10,2)"",""(16,6)"",""(39,20)"",""(64,37)"",""(106,63)"",""(126,76)""]",4.0,"[203,203,316,117]","[[0,244.94451151458819,254.99999999999997],[0,244.94451151458819,254.99999999999997],[254.99999999999997,150.83071758690568,254.99999999999997],[197.38561181885046,222.27159239936663,0]]",,"[5,185,95,275]",114.0,25.0,227.0,197.0,"[874,1396]",sub2,
,,,confidence-wheel,81,38317,0.0-81.0,Daz2026_Encoding_Online_SubExp2,Context Effect Hypothesis,9726,,920,1470,False,False,0,stimulus_wheel_display_event,16.0,R-cue,R-cue,6.0,3.0,250.0,False,1.0,,6.0,"[254.99999999999997,174.34091550069635,0]",73.0,292.0,[219],[0.7274426606389053],[318.3206057076233],,[26.320605707623315],[115],[301.1000000014901],[186.10000000149012],[85],[false],[true],[false],[false],"[26,51,76,111,136,161,186,210,236,261,285]","[""(0,0)"",""(0,0)"",""(-7,-9)"",""(-5,-7)"",""(6,5)"",""(14,13)"",""(38,36)"",""(63,59)"",""(96,88)"",""(106,97)"",""(142,128)""]",4.0,"[270,73,22,73,73,317]","[[148.93387400257618,191.13165380576422,254.99999999999997],[254.99999999999997,174.34091550069635,0],[254.99999999999997,130.19684608625317,134.957530249193],[254.99999999999997,174.34091550069635,0],[254.99999999999997,174.34091550069635,0],[254.99999999999997,150.08941668800844,254.99999999999997]]",,"[298,178,58,238,118,358]",114.0,25.0,227.0,197.0,"[874,1396]",sub2,
,,,confidence-wheel,86,40298,0.0-86.0,Daz2026_Encoding_Online_SubExp2,Context Effect Hypothesis,9726,,920,1470,False,False,0,stimulus_wheel_display_event,17.0,Baseline,Baseline,4.0,1.0,150.0,False,0.0,,4.0,"[69.0944650718029,207.45899806516303,254.99999999999997]",253.0,112.0,[219],[0.6309292373223074],[323.8504175300239],,[-148.1495824699761],[114.80000000447035],[335.6000000014901],[220.79999999701977],[18],[false],[true],[false],[false],"[26,51,76,101,126,151,176,200,226,251,276,300,326]","[""(0,0)"",""(0,0)"",""(0,0)"",""(3,-8)"",""(4,-7)"",""(5,-5)"",""(11,1)"",""(26,14)"",""(41,25)"",""(94,67)"",""(112,81)"",""(139,101)"",""(152,111)""]",2.0,"[69,253,345,291]","[[254.99999999999997,169.73349306185625,0],[69.0944650718029,207.45899806516303,254.99999999999997],[254.99999999999997,133.08079985838356,239.60115104213682],[209.60092004721275,171.48005374017498,254.99999999999997]]",,"[104,194,14,284]",114.0,25.0,227.0,197.0,"[874,1396]",sub2,
,,,confidence-wheel,91,42290,0.0-91.0,Daz2026_Encoding_Online_SubExp2,Context Effect Hypothesis,9726,,920,1470,False,False,0,stimulus_wheel_display_event,18.0,Baseline,Baseline,6.0,4.0,250.0,False,0.0,,6.0,"[0,240.29244976915723,254.99999999999997]",212.0,71.0,[219],[0.5795639852933231],[326.7934296849105],,[-104.2065703150895],[150.60000000149012],[386.1000000014901],[235.5],[42],[false],[true],[false],[false],"[26,51,76,101,126,150,176,201,225,250,276,301,326,351,375]","[""(0,0)"",""(0,0)"",""(0,0)"",""(0,0)"",""(-4,-5)"",""(-4,-5)"",""(-1,-2)"",""(8,4)"",""(23,13)"",""(36,22)"",""(70,43)"",""(112,67)"",""(124,75)"",""(141,88)"",""(156,101)""]",5.0,"[147,277,22,337,212,247]","[[64.25001923744117,243.79919809631278,106.75414586872739],[171.49856835178326,184.43505639850514,254.99999999999997],[254.99999999999997,130.19684608625317,134.957530249193],[254.99999999999997,137.0693786116789,254.99999999999997],[0,240.29244976915723,254.99999999999997],[0,213.06616980460464,254.99999999999997]]",,"[339,99,219,279,159,39]",114.0,25.0,227.0,197.0,"[874,1396]",sub2,
,,,confidence-wheel,6,3722,0.0-6.0,Daz2026_Encoding_Online_SubExp3,Multiple Features Effect Hypothesis,6067,,920,1470,False,False,0,orientation_response_event,1.0,NR-cue,NR-cue,4.0,0.0,250.0,False,0.0,150.0,4.0,"[239.816816620643,206.26362884848592,0]",101.0,334.0,[233],[2.5585962660418238],[146.59676752212806],326.59676752212806,[3.4032324778719385],[66.10000000149012],[614],[547.8999999985099],[96],[false],[false],[false],[false],"[27,50,76,100,126,151,176,201,226,250,276,301,326,350,376,401,426,451,476,501,526,551,577,601]","[""(0,0)"",""(0,0)"",""(0,0)"",""(0,0)"",""(0,0)"",""(0,0)"",""(0,0)"",""(0,0)"",""(0,0)"",""(0,0)"",""(0,0)"",""(0,0)"",""(0,0)"",""(0,0)"",""(0,0)"",""(0,0)"",""(0,0)"",""(0,0)"",""(0,0)"",""(1,-2)"",""(7,2)"",""(43,29)"",""(65,44)"",""(128,85)""]",1.0,"[101,153,153,342]","[[239.816816620643,206.26362884848592,0],[0,246.48013184544493,128.19176117007805],[0,246.48013184544493,128.19176117007805],[254.99999999999997,134.47588775538463,247.19028688092214]]","[150,25,25,91]","[293,23,113,203]",114.0,25.0,227.0,197.0,"[874,1396]",sub3,
,,,confidence-wheel,11,5882,0.0-11.0,Daz2026_Encoding_Online_SubExp3,Multiple Features Effect Hypothesis,6067,,920,1470,False,False,0,orientation_response_event,2.0,R-cue,R-cue,4.0,1.0,250.0,False,1.0,78.0,4.0,"[254.99999999999997,162.9695987065779,0]",63.0,296.0,[233],[2.5167717708796533],[144.20040046907036],324.20040046907036,[66.20040046907036],[133.29999999701977],[493.3999999985099],[360.1000000014901],[26],[false],[false],[false],[false],"[27,51,76,101,131,156,181,206,231,256,281,306,331,356,381,406,431,457,481]","[""(0,0)"",""(0,0)"",""(0,0)"",""(0,0)"",""(0,0)"",""(0,0)"",""(0,0)"",""(-8,-1)"",""(-8,0)"",""(-7,0)"",""(-6,1)"",""(-2,4)"",""(12,15)"",""(22,22)"",""(57,50)"",""(72,60)"",""(101,80)"",""(122,93)"",""(151,110)""]",2.0,"[343,63,63,18]","[[254.99999999999997,133.99669992615298,244.67779680199263],[254.99999999999997,162.9695987065779,0],[254.99999999999997,162.9695987065779,0],[254.99999999999997,128.96007831935216,147.35282740727914]]","[10,78,78,139]","[83,353,173,263]",114.0,25.0,227.0,197.0,"[874,1396]",sub3,
,,,confidence-wheel,16,8417,0.0-16.0,Daz2026_Encoding_Online_SubExp3,Multiple Features Effect Hypothesis,6067,,920,1470,False,False,0,orientation_response_event,3.0,Baseline,Baseline,6.0,3.0,150.0,False,0.0,179.0,6.0,"[254.99999999999997,150.3910703593195,0]",51.0,284.0,[233],[2.5614535838943375],[146.76047977580447],326.76047977580447,[32.23952022419553],[99.89999999850988],[646.3999999985099],[546.5],[64],[false],[false],[false],[false],"[26,51,76,101,130,157,180,207,230,256,280,307,330,357,381,407,430,456,480,506,531,556,581,606,631]","[""(0,0)"",""(0,0)"",""(0,0)"",""(0,0)"",""(0,0)"",""(0,0)"",""(0,0)"",""(0,0)"",""(0,0)"",""(0,0)"",""(0,0)"",""(0,0)"",""(0,0)"",""(0,0)"",""(0,0)"",""(0,0)"",""(0,0)"",""(-4,-4)"",""(-3,-4)"",""(0,-2)"",""(18,7)"",""(41,20)"",""(88,47)"",""(109,62)"",""(157,100)""]",4.0,"[210,289,127,51,240,348]","[[0,241.4279644519829,254.99999999999997],[204.60226761402984,173.28241139939973,254.99999999999997],[164.92474722929677,230.83406596207834,0],[254.99999999999997,150.3910703593195,0],[0,219.37803690487408,254.99999999999997],[254.99999999999997,131.8190577030351,231.86249336625173]]","[74,149,11,179,118,43]","[180,0,60,120,240,300]",114.0,25.0,227.0,197.0,"[874,1396]",sub3,
,,,confidence-wheel,21,10519,0.0-21.0,Daz2026_Encoding_Online_SubExp3,Multiple Features Effect Hypothesis,6067,,920,1470,False,False,0,orientation_response_event,4.0,R-cue,R-cue,6.0,3.0,50.0,False,1.0,74.0,6.0,"[155.6990856062002,189.20937452851422,254.99999999999997]",272.0,145.0,[233],[2.5480499405184514],[145.99250758026773],325.9925075802677,[71.99250758026778],[148.80000000447035],[355.5],[206.69999999552965],[20],[false],[true],[false],[false],"[26,52,76,100,126,151,175,201,226,252,276,301,325,351]","[""(0,0)"",""(0,0)"",""(-6,-7)"",""(-6,-6)"",""(-3,-4)"",""(2,0)"",""(16,11)"",""(29,24)"",""(50,43)"",""(64,54)"",""(88,71)"",""(101,79)"",""(129,92)"",""(142,99)""]",4.0,"[272,195,272,272,136,354]","[[155.6990856062002,189.20937452851422,254.99999999999997],[0,248.03840596612247,251.89110080743427],[155.6990856062002,189.20937452851422,254.99999999999997],[155.6990856062002,189.20937452851422,254.99999999999997],[129.3652800912392,237.40159668996418,57.814164791926764],[254.99999999999997,129.7401681541928,215.97180411260678]]","[74,166,74,74,51,104]","[202,22,82,142,262,322]",114.0,25.0,227.0,197.0,"[874,1396]",sub3,
,,,confidence-wheel,26,12739,0.0-26.0,Daz2026_Encoding_Online_SubExp3,Multiple Features Effect Hypothesis,6067,,920,1470,False,False,0,orientation_response_event,5.0,R-cue,R-cue,6.0,1.0,250.0,False,1.0,36.0,6.0,"[93.3347494589738,241.68975817580804,91.08887362028348]",143.0,16.0,[233],[2.540059076156294],[145.5346647776546],325.5346647776546,[70.4653352223454],[116.19999999552965],[627.5],[511.30000000447035],[22],[false],[false],[false],[false],"[26,51,77,101,131,156,181,207,231,257,281,306,330,355,381,405,431,456,481,506,531,556,581,606]","[""(0,0)"",""(0,0)"",""(0,0)"",""(0,0)"",""(0,0)"",""(0,0)"",""(-5,-5)"",""(-4,-5)"",""(-2,-3)"",""(-1,-2)"",""(1,-1)"",""(1,-1)"",""(2,-1)"",""(2,-1)"",""(2,-1)"",""(2,-1)"",""(2,0)"",""(3,0)"",""(14,6)"",""(23,10)"",""(59,30)"",""(70,37)"",""(110,69)"",""(137,92)""]",2.0,"[354,143,78,313,143,143]","[[254.99999999999997,129.7401681541928,215.97180411260678],[93.3347494589738,241.68975817580804,91.08887362028348],[254.99999999999997,180.15576124221906,0],[254.99999999999997,153.09836184612325,254.99999999999997],[93.3347494589738,241.68975817580804,91.08887362028348],[93.3347494589738,241.68975817580804,91.08887362028348]]","[7,36,176,64,36,36]","[270,150,330,210,90,30]",114.0,25.0,227.0,197.0,"[874,1396]",sub3,
,,,confidence-wheel,31,14987,0.0-31.0,Daz2026_Encoding_Online_SubExp3,Multiple Features Effect Hypothesis,6067,,920,1470,False,False,0,orientation_response_event,6.0,NR-cue,NR-cue,6.0,0.0,50.0,False,0.0,91.0,6.0,"[0,251.0748217718652,194.20418654126073]",174.0,47.0,[233],[2.540059076156294],[145.5346647776546],325.5346647776546,[54.5346647776546],[99.90000000596046],[536.3000000044703],[436.3999999985099],[39],[false],[false],[false],[false],"[26,51,76,101,126,151,176,201,226,250,276,301,326,351,376,401,426,451,476,500,526]","[""(0,0)"",""(0,0)"",""(0,0)"",""(0,0)"",""(0,0)"",""(0,0)"",""(-10,-4)"",""(-9,-4)"",""(-9,-3)"",""(-9,-3)"",""(-9,-3)"",""(-8,-3)"",""(-7,-2)"",""(-6,-1)"",""(0,3)"",""(7,6)"",""(26,20)"",""(52,39)"",""(93,67)"",""(114,80)"",""(157,107)""]",1.0,"[174,306,306,345,126,306]","[[0,251.0748217718652,194.20418654126073],[243.37309883764794,158.63000769977236,254.99999999999997],[243.37309883764794,158.63000769977236,254.99999999999997],[254.99999999999997,133.08079985838356,239.60115104213682],[168.44152611795363,230.03524643474762,0],[243.37309883764794,158.63000769977236,254.99999999999997]]","[91,50,50,115,18,50]","[220,280,40,100,340,160]",114.0,25.0,227.0,197.0,"[874,1396]",sub3,
,,,confidence-wheel,36,17266,0.0-36.0,Daz2026_Encoding_Online_SubExp3,Multiple Features Effect Hypothesis,6067,,920,1470,False,False,0,orientation_response_event,7.0,R-cue,R-cue,4.0,0.0,50.0,False,1.0,44.0,4.0,"[109.27160160355561,200.77374697788707,254.99999999999997]",260.0,133.0,[233],[2.4805494847391065],[142.1250163489018],322.1250163489018,[81.8749836510982],[133.29999999701977],[517.1000000014901],[383.80000000447035],[9],[false],[false],[false],[false],"[26,51,76,101,135,161,185,211,236,261,286,311,336,361,386,411,436,461,486,511]","[""(0,0)"",""(0,0)"",""(0,0)"",""(0,0)"",""(0,0)"",""(0,0)"",""(3,-5)"",""(3,-5)"",""(4,-4)"",""(4,-4)"",""(5,-3)"",""(6,-2)"",""(12,4)"",""(19,9)"",""(35,25)"",""(51,39)"",""(79,64)"",""(93,76)"",""(136,109)"",""(154,121)""]",1.0,"[260,28,179,260]","[[109.27160160355561,200.77374697788707,254.99999999999997],[254.99999999999997,132.8177125449908,115.46407504635546],[0,251.04132880465787,208.65206104318366],[109.27160160355561,200.77374697788707,254.99999999999997]]","[44,177,152,44]","[67,157,247,337]",114.0,25.0,227.0,197.0,"[874,1396]",sub3,
,,,confidence-wheel,41,19683,0.0-41.0,Daz2026_Encoding_Online_SubExp3,Multiple Features Effect Hypothesis,6067,,920,1470,False,False,0,orientation_response_event,8.0,NR-cue,NR-cue,4.0,2.0,150.0,False,0.0,111.0,4.0,"[0,250.3886725292454,173.25318979410642]",167.0,40.0,[233],[2.568494095447624],[147.16387137342087],327.1638713734209,[36.163871373420875],[133.39999999850988],[557.2999999970198],[423.8999999985099],[60],[false],[false],[false],[false],"[26,51,76,101,125,152,176,201,226,250,276,301,326,351,376,401,426,451,476,501,526,551]","[""(0,0)"",""(0,0)"",""(0,0)"",""(0,0)"",""(0,0)"",""(0,0)"",""(-5,-5)"",""(-5,-5)"",""(-5,-5)"",""(-5,-5)"",""(-5,-4)"",""(-4,-4)"",""(0,-2)"",""(3,0)"",""(14,7)"",""(23,13)"",""(47,29)"",""(61,38)"",""(105,68)"",""(115,75)"",""(145,94)"",""(160,104)""]",3.0,"[47,47,167,109]","[[254.99999999999997,146.60973640893948,24.09939262309329],[254.99999999999997,146.60973640893948,24.09939262309329],[0,250.3886725292454,173.25318979410642],[219.84196647781712,214.58093310076686,0]]","[86,86,111,148]","[357,177,267,87]",114.0,25.0,227.0,197.0,"[874,1396]",sub3,
,,,confidence-wheel,46,22006,0.0-46.0,Daz2026_Encoding_Online_SubExp3,Multiple Features Effect Hypothesis,6067,,920,1470,False,False,0,orientation_response_event,9.0,Baseline,Baseline,4.0,3.0,150.0,False,0.0,74.0,4.0,"[254.99999999999997,185.97970563700207,0]",83.0,316.0,[233],[2.515667859641004],[144.13715101413868],324.1371510141387,[70.13715101413868],[150.39999999850988],[457.8999999985099],[307.5],[22],[false],[false],[false],[false],"[26,51,75,101,126,156,181,206,232,257,281,306,331,356,381,406,431,456]","[""(0,0)"",""(0,0)"",""(0,0)"",""(0,0)"",""(0,0)"",""(-1,-2)"",""(0,-1)"",""(1,0)"",""(3,2)"",""(7,5)"",""(16,14)"",""(23,20)"",""(50,45)"",""(66,56)"",""(89,72)"",""(109,84)"",""(140,103)"",""(152,112)""]",4.0,"[300,264,136,83]","[[230.60175705368678,163.61827156224166,254.99999999999997],[126.59178414982333,196.91847646608042,254.99999999999997],[129.3652800912392,237.40159668996418,57.814164791926764],[254.99999999999997,185.97970563700207,0]]","[124,34,163,74]","[291,111,201,21]",114.0,25.0,227.0,197.0,"[874,1396]",sub3,
,,,confidence-wheel,51,24093,0.0-51.0,Daz2026_Encoding_Online_SubExp3,Multiple Features Effect Hypothesis,6067,,920,1470,False,False,0,orientation_response_event,10.0,NR-cue,NR-cue,6.0,2.0,150.0,False,0.0,59.0,6.0,"[0,239.1014524003612,254.99999999999997]",214.0,87.0,[233],[2.5953447430480745],[148.70230015811978],328.7023001581198,[89.70230015811978],[166.5],[511.69999999552965],[345.19999999552965],[0],[false],[false],[false],[false],"[27,52,76,101,131,156,181,206,231,256,280,306,331,356,380,406,431,456,481,506]","[""(0,0)"",""(0,0)"",""(0,0)"",""(0,0)"",""(0,0)"",""(0,0)"",""(0,0)"",""(0,0)"",""(-5,-1)"",""(-3,0)"",""(8,5)"",""(16,8)"",""(32,15)"",""(42,21)"",""(72,40)"",""(86,51)"",""(109,64)"",""(122,73)"",""(153,92)"",""(166,100)""]",3.0,"[95,295,214,295,295,331]","[[253.34239611152933,199.69297978376582,0],[219.22403154738376,167.9334220487036,254.99999999999997],[0,239.1014524003612,254.99999999999997],[219.22403154738376,167.9334220487036,254.99999999999997],[219.22403154738376,167.9334220487036,254.99999999999997],[254.99999999999997,140.57189144618468,254.99999999999997]]","[175,112,59,112,112,2]","[219,279,159,339,39,99]",114.0,25.0,227.0,197.0,"[874,1396]",sub3,
,,,confidence-wheel,56,26134,0.0-56.0,Daz2026_Encoding_Online_SubExp3,Multiple Features Effect Hypothesis,6067,,920,1470,False,False,0,orientation_response_event,11.0,NR-cue,NR-cue,6.0,1.0,250.0,False,0.0,22.0,6.0,"[99.26706863472268,241.12307279426477,86.9119758270569]",142.0,15.0,[233],[2.5230144752430332],[144.55808108183993],324.55808108183993,[57.44191891816013],[216.60000000149012],[487.80000000447035],[271.20000000298023],[36],[false],[false],[false],[false],"[26,51,76,101,140,166,191,216,241,267,291,317,341,367,391,416,441,466]","[""(0,0)"",""(0,0)"",""(0,0)"",""(0,0)"",""(-9,-6)"",""(-8,-5)"",""(1,2)"",""(11,9)"",""(25,19)"",""(31,23)"",""(45,33)"",""(53,39)"",""(77,58)"",""(90,67)"",""(109,81)"",""(117,85)"",""(136,98)"",""(145,104)""]",2.0,"[9,142,9,9,215,283]","[[254.99999999999997,127.66879575454229,174.0725232300418],[99.26706863472268,241.12307279426477,86.9119758270569],[254.99999999999997,127.66879575454229,174.0725232300418],[254.99999999999997,127.66879575454229,174.0725232300418],[0,238.4856353924439,254.99999999999997],[188.77629638216828,178.7933516622348,254.99999999999997]]","[103,22,103,103,126,78]","[337,217,97,277,37,157]",114.0,25.0,227.0,197.0,"[874,1396]",sub3,
,,,confidence-wheel,61,28110,0.0-61.0,Daz2026_Encoding_Online_SubExp3,Multiple Features Effect Hypothesis,6067,,920,1470,False,False,0,orientation_response_event,12.0,Baseline,Baseline,4.0,1.0,250.0,False,0.0,73.0,4.0,"[191.32820637507956,224.0827849793576,0]",119.0,352.0,[233],[2.385694126791851],[136.69020467432136],316.69020467432136,[63.69020467432142],[133.5],[295.29999999701977],[161.79999999701977],[29],[false],[true],[false],[false],"[26,52,76,111,136,162,186,211,236,261,285]","[""(0,0)"",""(0,0)"",""(-5,-2)"",""(5,6)"",""(17,16)"",""(28,25)"",""(48,44)"",""(59,55)"",""(88,83)"",""(100,94)"",""(141,131)""]",2.0,"[65,119,29,190]","[[254.99999999999997,165.19915806296174,0],[191.32820637507956,224.0827849793576,0],[254.99999999999997,133.34210723925435,112.07400050534221],[0,249.4433905689472,238.90180229211032]]","[142,73,26,109]","[249,69,159,339]",114.0,25.0,227.0,197.0,"[874,1396]",sub3,
,,,confidence-wheel,66,30334,0.0-66.0,Daz2026_Encoding_Online_SubExp3,Multiple Features Effect Hypothesis,6067,,920,1470,False,False,0,orientation_response_event,13.0,R-cue,R-cue,4.0,3.0,150.0,False,1.0,23.0,4.0,"[241.3085867402043,159.44620181140752,254.99999999999997]",305.0,178.0,[233],[2.532059057474932],[145.07629747118676],325.07629747118676,[57.92370252881324],[166.19999999552965],[464.79999999701977],[298.6000000014901],[36],[false],[false],[false],[false],"[26,51,76,100,136,162,186,211,236,262,286,311,336,362,386,412,436,462]","[""(0,0)"",""(0,0)"",""(0,0)"",""(0,0)"",""(0,0)"",""(0,0)"",""(2,1)"",""(3,2)"",""(8,4)"",""(13,7)"",""(33,20)"",""(45,28)"",""(77,49)"",""(89,57)"",""(114,75)"",""(125,83)"",""(153,105)"",""(161,111)""]",4.0,"[32,162,305,305]","[[254.99999999999997,135.06080674215394,101.57319995219221],[0,249.37733486213727,157.721254130339],[241.3085867402043,159.44620181140752,254.99999999999997],[241.3085867402043,159.44620181140752,254.99999999999997]]","[56,145,23,23]","[130,40,310,220]",114.0,25.0,227.0,197.0,"[874,1396]",sub3,
,,,confidence-wheel,71,32554,0.0-71.0,Daz2026_Encoding_Online_SubExp3,Multiple Features Effect Hypothesis,6067,,920,1470,False,False,0,orientation_response_event,14.0,NR-cue,NR-cue,4.0,0.0,50.0,False,0.0,175.0,4.0,"[254.99999999999997,127.6825590853057,182.69567034542374]",6.0,239.0,[233],[2.4990738627516667],[143.18638502712645],323.18638502712645,[31.813614972873552],[133.29999999701977],[523.7999999970198],[390.5],[65],[false],[false],[false],[false],"[26,52,76,101,136,161,187,211,237,261,287,311,336,361,387,410,436,461,486,511]","[""(0,0)"",""(0,0)"",""(0,0)"",""(-5,-5)"",""(-4,-4)"",""(-2,-3)"",""(-2,-2)"",""(-2,-2)"",""(-2,-2)"",""(-1,-2)"",""(-1,-1)"",""(1,0)"",""(7,5)"",""(21,17)"",""(30,24)"",""(61,48)"",""(75,59)"",""(98,76)"",""(120,92)"",""(152,115)""]",1.0,"[6,313,271,271]","[[254.99999999999997,127.6825590853057,182.69567034542374],[254.99999999999997,153.09836184612325,254.99999999999997],[152.3522384618132,190.16983084810934,254.99999999999997],[152.3522384618132,190.16983084810934,254.99999999999997]]","[175,4,85,85]","[110,200,20,290]",114.0,25.0,227.0,197.0,"[874,1396]",sub3,
,,,confidence-wheel,76,34683,0.0-76.0,Daz2026_Encoding_Online_SubExp3,Multiple Features Effect Hypothesis,6067,,920,1470,False,False,0,orientation_response_event,15.0,Baseline,Baseline,6.0,2.0,50.0,False,0.0,108.0,6.0,"[134.43592887372765,194.9880807536778,254.99999999999997]",266.0,139.0,[233],[2.537287146723564],[145.37584492005107],325.37584492005107,[37.37584492005112],[134.19999999552965],[495.1000000014901],[360.90000000596046],[58],[false],[false],[false],[false],"[26,51,76,101,136,161,186,210,236,261,286,311,336,362,386,411,436,461,486]","[""(0,0)"",""(0,0)"",""(0,0)"",""(0,0)"",""(-4,-8)"",""(-3,-7)"",""(-1,-5)"",""(1,-4)"",""(3,-3)"",""(4,-2)"",""(7,0)"",""(10,2)"",""(26,13)"",""(47,29)"",""(65,43)"",""(90,60)"",""(108,73)"",""(126,87)"",""(155,107)""]",3.0,"[196,353,266,47,296,236]","[[0,247.70784089924655,254.42640522986792],[254.99999999999997,130.04264317959579,218.65665164934558],[134.43592887372765,194.9880807536778,254.99999999999997],[254.99999999999997,146.60973640893948,24.09939262309329],[221.55568373672696,167.05953633546653,254.99999999999997],[0,222.83795199627548,254.99999999999997]]","[75,37,108,0,178,140]","[219,99,339,279,159,39]",114.0,25.0,227.0,197.0,"[874,1396]",sub3,
,,,confidence-wheel,81,36649,0.0-81.0,Daz2026_Encoding_Online_SubExp3,Multiple Features Effect Hypothesis,6067,,920,1470,False,False,0,orientation_response_event,16.0,Baseline,Baseline,4.0,2.0,50.0,False,0.0,118.0,4.0,"[0,238.4856353924439,254.99999999999997]",215.0,88.0,[233],[2.5254680705525807],[144.6986617377101],324.6986617377101,[26.698661737710154],[116.60000000149012],[319.3999999985099],[202.79999999701977],[70],[false],[true],[false],[false],"[26,51,77,102,126,151,175,201,226,251,276,301]","[""(0,0)"",""(-8,-6)"",""(-7,-5)"",""(-7,-5)"",""(-3,-3)"",""(-1,-2)"",""(16,8)"",""(31,19)"",""(54,35)"",""(70,47)"",""(105,72)"",""(123,85)""]",3.0,"[24,324,215,279]","[[254.99999999999997,130.96918431865242,128.59877785769274],[254.99999999999997,145.118615027254,254.99999999999997],[0,238.4856353924439,254.99999999999997],[177.4400900044629,182.54214659788704,254.99999999999997]]","[179,56,118,17]","[123,303,213,33]",114.0,25.0,227.0,197.0,"[874,1396]",sub3,
,,,confidence-wheel,86,39033,0.0-86.0,Daz2026_Encoding_Online_SubExp3,Multiple Features Effect Hypothesis,6067,,920,1470,False,False,0,orientation_response_event,17.0,R-cue,R-cue,6.0,5.0,150.0,False,1.0,93.0,6.0,"[203.25588206542054,220.4141278300178,0]",115.0,348.0,[233],[2.5254680705525807],[144.6986617377101],324.6986617377101,[51.698661737710154],[116.20000000298023],[522.5],[406.29999999701977],[43],[false],[false],[false],[false],"[26,51,76,101,126,152,176,202,225,251,276,301,326,351,376,401,426,451,475,502]","[""(-2,-9)"",""(-2,-9)"",""(-2,-9)"",""(-2,-9)"",""(-2,-9)"",""(-2,-9)"",""(-2,-9)"",""(-1,-9)"",""(-1,-8)"",""(0,-8)"",""(2,-6)"",""(4,-5)"",""(10,-1)"",""(14,2)"",""(29,13)"",""(35,17)"",""(63,36)"",""(75,46)"",""(111,74)"",""(132,91)""]",6.0,"[21,331,180,115,115,115]","[[254.99999999999997,129.84908803726117,138.09379275213823],[254.99999999999997,140.57189144618468,254.99999999999997],[0,250.98234368916343,211.49066866797486],[203.25588206542054,220.4141278300178,0],[203.25588206542054,220.4141278300178,0],[203.25588206542054,220.4141278300178,0]]","[49,162,69,93,93,93]","[69,189,129,249,309,9]",114.0,25.0,227.0,197.0,"[874,1396]",sub3,
,,,confidence-wheel,91,41343,0.0-91.0,Daz2026_Encoding_Online_SubExp3,Multiple Features Effect Hypothesis,6067,,920,1470,False,False,0,orientation_response_event,18.0,Baseline,Baseline,6.0,3.0,250.0,False,0.0,34.0,6.0,"[130.5708145812765,195.95329854048296,254.99999999999997]",265.0,138.0,[233],[2.539060029068774],[145.47742359600488],325.4774235960049,[68.52257640399512],[150],[375.8999999985099],[225.89999999850988],[24],[false],[true],[false],[false],"[26,51,77,101,136,160,186,210,236,260,286,311,336,360]","[""(-8,-7)"",""(-8,-7)"",""(-8,-7)"",""(-7,-7)"",""(-6,-6)"",""(1,-2)"",""(6,1)"",""(18,8)"",""(37,20)"",""(59,34)"",""(70,42)"",""(101,64)"",""(123,80)"",""(151,102)""]",4.0,"[212,135,22,265,337,91]","[[0,240.29244976915723,254.99999999999997],[133.7508415136246,236.7289657530137,51.77464027768778],[254.99999999999997,130.19684608625317,134.957530249193],[130.5708145812765,195.95329854048296,254.99999999999997],[254.99999999999997,137.0693786116789,254.99999999999997],[254.99999999999997,195.188986991524,0]]","[97,161,67,34,131,0]","[43,163,343,223,103,283]",114.0,25.0,227.0,197.0,"[874,1396]",sub3,
