ID,CueType,DurationF,Duration_ms,n_trials,kappa,gamma,p_target,circSD_deg,nll,convergence,start_id
YILIU,NR,50ms,50,300,6.315210750604108,0.31276872203213263,0.6872312779678673,23.852332813424518,377.8516008183126,0,26
YILIU,NR,100ms,100,300,5.238582048838095,0.32612768995633395,0.6738723100436661,26.489794715301585,400.1555438909306,0,5
YILIU,NR,150ms,150,299,9.53666130044375,0.3843814044622783,0.6156185955377217,19.087356912625044,381.443747112842,0,24
YILIU,NR,200ms,200,300,8.397954971436238,0.3458832224328798,0.6541167775671202,20.427094241784435,371.9272227882334,0,16
YILIU,NR,250ms,250,300,16.72953097350678,0.3933359095041188,0.6066640904958812,14.228278745063333,349.09372099666894,0,2
YILIU,NR,300ms,300,300,9.793732405742066,0.3046711684830303,0.6953288315169697,18.819925765324793,338.7580417258565,0,1
YILIU,NR,350ms,350,300,7.545866581970844,0.30121604453632506,0.698783955463675,21.639164125544177,357.547441499421,0,1
YILIU,R,50ms,50,300,24.890399097984837,0.07803232638053935,0.9219676736194606,11.603587903271414,51.02127900663187,0,12
YILIU,R,100ms,100,300,27.736119286678807,0.07373373631034548,0.9262662636896545,10.980274253320339,31.284601017024986,0,7
YILIU,R,150ms,150,300,27.53273321664137,0.03932339838402137,0.9606766016159787,11.021527646840154,-8.577226818865034,0,22
YILIU,R,200ms,200,300,39.15039635897256,0.0549413386269482,0.9450586613730518,9.21672618527918,-36.430265631733555,0,7
YILIU,R,250ms,250,300,37.50477102082934,0.049124925919000584,0.9508750740809995,9.419495876217743,-40.09658002829749,0,22
YILIU,R,300ms,300,300,30.712300787153545,9.553269773453858e-8,0.9999999044673022,10.425139641656891,-85.51326829709322,0,10
YILIU,R,350ms,350,300,41.29208935089123,0.04052470183813939,0.9594752981618606,8.97144660239647,-64.61896618076348,0,17
