SessionN,ItemN,PresDur,ConditionType,TrialN,MinTargetIndexN,MaxTargetIndexN,IsBalanced
1,2,0.05,B,35,14,21,1
1,2,0.25,B,35,15,20,1
1,4,0.05,B,35,7,11,1
1,4,0.05,R,35,6,11,1
1,4,0.05,NR,35,7,12,1
1,4,0.25,B,35,3,14,1
1,4,0.25,R,35,5,12,1
1,4,0.25,NR,35,6,11,1
1,6,0.05,B,35,3,11,1
1,6,0.05,R,35,5,10,1
1,6,0.05,NR,35,2,8,1
1,6,0.25,B,35,3,9,1
1,6,0.25,R,35,3,9,1
1,6,0.25,NR,35,2,7,1
2,2,0.05,B,35,13,22,1
2,2,0.25,B,35,15,20,1
2,4,0.05,B,35,7,12,1
2,4,0.05,R,35,7,10,1
2,4,0.05,NR,35,7,12,1
2,4,0.25,B,35,4,11,1
2,4,0.25,R,35,6,11,1
2,4,0.25,NR,35,5,14,1
2,6,0.05,B,35,4,9,1
2,6,0.05,R,35,3,10,1
2,6,0.05,NR,35,4,8,1
2,6,0.25,B,35,4,7,1
2,6,0.25,R,35,5,8,1
2,6,0.25,NR,35,4,8,1
3,2,0.05,B,35,14,21,1
3,2,0.25,B,35,15,20,1
3,4,0.05,B,35,7,10,1
3,4,0.05,R,35,6,13,1
3,4,0.05,NR,35,4,14,1
3,4,0.25,B,35,5,13,1
3,4,0.25,R,35,8,10,1
3,4,0.25,NR,35,6,12,1
3,6,0.05,B,35,3,9,1
3,6,0.05,R,35,1,10,1
3,6,0.05,NR,35,3,11,1
3,6,0.25,B,35,3,10,1
3,6,0.25,R,35,2,8,1
3,6,0.25,NR,35,0,11,1
