CueType,DurationF,Session_z,kappa,gamma,beta,p_target,log_kappa,circSD_deg,ID,SessionSlice
NR,50ms,0,3.37577864589443,4.4896007486616666e-24,0.17959564598387534,0.8204043540161247,1.216626007609704,34.483442108201984,AQ,average
NR,100ms,0,4.5287325483831475,0.1377670401309213,0.07985702162284342,0.7823759382462352,1.5104421097023413,28.819850426084347,AQ,average
NR,150ms,0,5.43860718371478,0.18525868912390436,0.12344325119368786,0.6912980596824079,1.693522995680588,25.931697866563375,AQ,average
NR,200ms,0,5.235893038896412,0.18567546372523763,0.0787046158122897,0.7356199204624727,1.6555374198207429,26.49755231222839,AQ,average
NR,250ms,0,5.685444254343716,0.2377096213282095,3.737184685503969e-4,0.7619166602032401,1.7379092691526299,25.290504001323246,AQ,average
NR,300ms,0,5.3718364632083775,0.013676988166211676,0.17898992396581354,0.8073330878679748,1.6811698357568767,26.113941654306327,AQ,average
NR,350ms,0,5.215655996855786,0.09054297899749189,0.08087546339284266,0.8285815576096655,1.6516648709264075,26.556160931122886,AQ,average
R,50ms,0,12.4738881281487,0.004189591050384613,0.028734435705005435,0.9670759732446099,2.5236375096613335,16.571030439781573,AQ,average
R,100ms,0,12.63428750591805,0.037143999160164434,0.030166441521705827,0.9326895593181298,2.536414348741095,16.460782144829185,AQ,average
R,150ms,0,14.018949212414945,0.038376814833744034,0.00950727844618556,0.9521159067200704,2.6404099296118035,15.59259101727897,AQ,average
R,200ms,0,16.593067531228396,0.014075129772651795,0.010627343814625953,0.9752975264127223,2.808984989534865,14.288582737828149,AQ,average
R,250ms,0,19.1543689734607,0.008734011138077908,3.1284089346799914e-20,0.9912659888619221,2.952530834433816,13.269954423216022,AQ,average
R,300ms,0,13.581633271326364,8.712165395676623e-92,0.012238774596903826,0.9877612254030962,2.60871838524669,15.851770417503714,AQ,average
R,350ms,0,15.034030346798238,1.6250850882160204e-80,0.02360589511521934,0.9763941048847806,2.710316321297755,15.036934788051939,AQ,average
NR,50ms,0,3.9820273983973498,0.016664315553371282,0.09988507139153167,0.883450613055097,1.3817910861801994,31.12378125823046,HC,average
NR,100ms,0,5.129378876886155,0.10037830521425137,0.007576882047142762,0.8920448127386058,1.634984575221932,26.810605384833146,HC,average
NR,150ms,0,4.007175320831353,0.18063890494797147,7.810799680830061e-32,0.8193610950520285,1.388086584335815,31.005056608301533,HC,average
NR,200ms,0,4.391326438500241,4.118226669857826e-26,0.12358278818467987,0.8764172118153202,1.4796313314490164,29.349065015954217,HC,average
NR,250ms,0,3.635805264860358,0.07773298928559337,0.0021803094673471723,0.9200867012470595,1.2908306173618238,32.91381243105309,HC,average
NR,300ms,0,6.9585005693855395,1.0378634457108686e-54,0.08054785676645491,0.9194521432335451,1.9399640157036697,22.61413576880713,HC,average
NR,350ms,0,6.818373778946686,0.08201645024983593,0.1134927943160676,0.8044907554340964,1.9196209945871305,22.867148194499585,HC,average
R,50ms,0,9.109526058473795,1.3863167849103174e-25,0.04314568599208543,0.9568543140079145,2.209320685601738,19.55823025000894,HC,average
R,100ms,0,10.940250727489392,0.056624653615997715,0.015882168120784183,0.9274931782632182,2.39244871514889,17.751189968758748,HC,average
R,150ms,0,10.65900096892658,0.0035190216829989124,3.7499446970710397e-57,0.9964809783170011,2.3664046966091985,17.996373452823878,HC,average
R,200ms,0,10.657736083653177,0.020869092916505252,0.0025243716238300476,0.9766065354596647,2.3662860212911356,17.99749927958307,HC,average
R,250ms,0,12.511308364526519,9.679237237506431e-4,3.837085265652715e-4,0.9986483677496841,2.526632904503865,16.545111610298957,HC,average
R,300ms,0,10.04690829884489,0.021312374274232587,0.019170072933571716,0.9595175527921956,2.3072649552209357,18.567288103434958,HC,average
R,350ms,0,10.646631712232072,0.010398887584017674,0.0012469119459775815,0.9883542004700048,2.3652435709792474,18.00739197575957,HC,average
NR,50ms,0,6.3005612312082935,8.110070224225618e-14,0.25995544632844353,0.7400445536714755,1.8406387137484914,23.88299164525795,YILIU,average
NR,100ms,0,5.351711233726553,0.1859730474572111,0.11096052679302312,0.7030664257497657,1.6774163665359618,26.16965166789716,YILIU,average
NR,150ms,0,7.079008800154649,0.12156160538728658,0.16370098094583554,0.7147374136668779,1.9571338979265598,22.40322538853646,YILIU,average
NR,200ms,0,9.418766721258883,0.11132047524575925,0.20284104358428745,0.6858384811699533,2.2427041587072316,19.21389682993712,YILIU,average
NR,250ms,0,13.7490921597226,0.2578530433652931,0.08545010178661012,0.6566968548480968,2.6209727971854035,15.7510020518008,YILIU,average
NR,300ms,0,10.107465200619659,0.1372378822146236,0.14821734114215512,0.7145447766432212,2.3132742796002885,18.508359838663996,YILIU,average
NR,350ms,0,7.128353914593605,0.15836268339440918,0.1151955024600944,0.7264418141454965,1.964080340253768,22.31857216743411,YILIU,average
R,50ms,0,24.00704922813019,0.051743714184987244,0.009018795720417257,0.9392374900945955,3.1783475050600636,11.819766203094964,YILIU,average
R,100ms,0,25.818775601639746,0.044692677065279005,2.3027119248525478e-4,0.9550770517422357,3.251101963753431,11.388711466170015,YILIU,average
R,150ms,0,28.085118979117347,0.03291425297948513,2.971913595833516e-4,0.9667885556609315,3.3352398623691326,10.910552745101695,YILIU,average
R,200ms,0,41.1133215677107,0.04423363667162412,1.7834896072519606e-48,0.9557663633283758,3.716332194719844,8.991174887226368,YILIU,average
R,250ms,0,37.40996464117981,0.012832402061625638,0.013586012027441563,0.9735815859109328,3.6219371031893277,9.431589341817178,YILIU,average
R,300ms,0,32.549247416094694,3.479014326633372e-28,7.0336565333406e-21,1,3.4827542475299813,10.12183098345094,YILIU,average
R,350ms,0,41.41544597222369,0.020986247766208836,0.011877983831064674,0.9671357684027265,3.7236539023665984,8.95790881983064,YILIU,average
NR,50ms,-1.3927707358090902,3.481764905142234,0.0010737131699408138,0.1015205809726051,0.8974057058574542,1.2475393218759814,33.817128184725924,AQ,early
NR,100ms,-1.3927707358090902,4.271282494794241,0.1888541454917234,0.07780818778717037,0.7333376667211062,1.4519141322133897,29.836929130189024,AQ,early
NR,150ms,-1.3927707358090902,5.234192967852824,0.12203582107758656,0.2557441830498794,0.6222199958725341,1.6552126715698816,26.5024605183706,AQ,early
NR,200ms,-1.3927707358090902,5.4520729756425546,0.14796653088186545,0.1109771194792155,0.7410563496389191,1.6959958988588946,25.89541760905488,AQ,early
NR,250ms,-1.3927707358090902,3.9847574303484383,0.1288160571227939,0.1420871805371076,0.7290967623400986,1.3824764397115508,31.11082502581817,AQ,early
NR,300ms,-1.3927707358090902,5.454655764384705,0.005891864328843195,0.17006111131329024,0.8240470243578666,1.6964695126897678,25.888476801911974,AQ,early
NR,350ms,-1.3927707358090902,5.949215841823165,0.15794490991876203,0.08501855727339075,0.7570365328078472,1.7832594195820788,24.65647138385237,AQ,early
R,50ms,-1.3927707358090902,13.832362613527076,0.10648623136783077,0.039325307058693304,0.8541884615734759,2.6270109635902217,15.701605643932156,AQ,early
R,100ms,-1.3927707358090902,13.744719843920766,0.0719769701822112,0.010616570721192053,0.9174064590965968,2.620654739010123,15.753608654537958,AQ,early
R,150ms,-1.3927707358090902,11.73925008637475,0.05856238217279308,0.004423545548607435,0.9370140722785995,2.4629379355603156,17.1059677311891,AQ,early
R,200ms,-1.3927707358090902,15.42044915876121,0.0928889808917927,0.003995324404330027,0.9031156947038772,2.7356944960352947,14.8405229717218,AQ,early
R,250ms,-1.3927707358090902,17.128419112860524,9.93741747494045e-4,2.646944101804559e-18,0.999006258252506,2.8407390204450693,14.056296793137593,AQ,early
R,300ms,-1.3927707358090902,14.17252562923968,4.2428472881727166e-172,0.03604870144009536,0.9639512985599047,2.6513052755928612,15.504549734226874,AQ,early
R,350ms,-1.3927707358090902,15.086555257528326,9.02803888384381e-11,0.02360856341291379,0.9763914364968058,2.713803966900757,15.00977768647616,AQ,early
NR,50ms,-1.3927707358090902,7.110716266102843,0.12162691779118215,0.19728769201539278,0.6810853901934251,1.9616029794025904,22.34871839070238,HC,early
NR,100ms,-1.3927707358090902,6.57459480138611,0.3568892656114574,3.0179021003748217e-4,0.6428089441785051,1.8832129489991858,23.32865375798006,HC,early
NR,150ms,-1.3927707358090902,3.291119524652937,0.17741757958849078,3.768793258383292e-5,0.8225447324789253,1.1912277879443396,35.04447593343903,HC,early
NR,200ms,-1.3927707358090902,5.438663231767421,1.2289258767178724e-47,0.18894248244258555,0.8110575175574144,1.6935333012169038,25.93154653373341,HC,early
NR,250ms,-1.3927707358090902,3.5538287176265078,0.0348683400176349,0.009113868145134991,0.95601779183723,1.2680255343185491,33.3853886594069,HC,early
NR,300ms,-1.3927707358090902,9.126031881906751,2.1099301702549267e-7,0.1140191475575534,0.8859806414494296,2.2111309760238456,19.53937884519725,HC,early
NR,350ms,-1.3927707358090902,10.137154453877237,0.13081457515540545,0.0692272106568658,0.7999582141877287,2.316207332929864,18.479674191974144,HC,early
R,50ms,-1.3927707358090902,10.728636542548184,3.6090067135462406e-4,0.11453181081566327,0.885107288512982,2.3729164789085724,17.934718809860833,HC,early
R,100ms,-1.3927707358090902,8.414846583834516,0.07108731892903081,0.05388347030820702,0.8750292107627621,2.1299975962031987,20.405099501198023,HC,early
R,150ms,-1.3927707358090902,11.2173765916977,0.17283076605103367,1.8427274319016585e-39,0.8271692339489664,2.417464057398767,17.5191799325625,HC,early
R,200ms,-1.3927707358090902,10.993702021316407,0.025511006670709647,0.06292173530432853,0.9115672580249619,2.397322565316053,17.70572036878638,HC,early
R,250ms,-1.3927707358090902,11.152617180485429,4.8542254762476655e-5,0.0056526966182553545,0.9942987611269821,2.411674195069807,17.57257864071805,HC,early
R,300ms,-1.3927707358090902,9.596494070631515,0.011145346043156739,0.04931179735985556,0.9395428565969877,2.26139783079579,19.024090517813534,HC,early
R,350ms,-1.3927707358090902,12.253450421112815,0.06097563324082697,0.044939899531721714,0.8940844672274513,2.505807564359643,16.726233890244117,HC,early
NR,50ms,-1.3927707358090902,6.389291777862885,3.725679349471379e-12,0.41556329586882546,0.5844367041274489,1.8546234293617179,23.699116108136867,YILIU,early
NR,100ms,-1.3927707358090902,6.882916739807657,0.1910572037826771,0.20143222012886994,0.6075105760884529,1.9290425068455566,22.749544475333213,YILIU,early
NR,150ms,-1.3927707358090902,9.210653588236244,0.38572477195738497,0.11670068860700186,0.49757453943561314,2.2203608128129675,19.443585684843878,YILIU,early
NR,200ms,-1.3927707358090902,7.113178886592016,0.04594699750990279,0.3017898830475648,0.6522631194425323,1.9619492446818747,22.344501851464905,YILIU,early
NR,250ms,-1.3927707358090902,7.345478073301141,0.3635079915838416,0.04704944858252803,0.5894425598336304,1.9940848957719721,21.95730450718724,YILIU,early
NR,300ms,-1.3927707358090902,12.53188936923692,0.16518342936200656,0.17039587749182453,0.6644206931461689,2.528276545189259,16.530908212004874,YILIU,early
NR,350ms,-1.3927707358090902,7.401123179998521,0.2253314798961513,0.11471052293756988,0.6599579971662788,2.0016317697734225,21.867540714820098,YILIU,early
R,50ms,-1.3927707358090902,15.67863532691385,0.11480312566879491,0.005867204093702992,0.8793296702375021,2.7522989784123637,14.713506252400087,YILIU,early
R,100ms,-1.3927707358090902,21.45241633992529,0.049525880244592986,0.07304220588763134,0.8774319138677756,3.0658372889094716,12.520265770085523,YILIU,early
R,150ms,-1.3927707358090902,19.837922729495634,0.024164105490865326,0.021568043438042667,0.954267851071092,2.987595395240888,13.03301875695532,YILIU,early
R,200ms,-1.3927707358090902,26.381816396678303,0.03389773250190087,7.161211432772104e-7,0.9661015513769559,3.272674999986178,11.264070165799833,YILIU,early
R,250ms,-1.3927707358090902,28.658611330740598,0.08946816393630913,0.005316920280566687,0.9052149157831242,3.3554539680070308,10.798813509438302,YILIU,early
R,300ms,-1.3927707358090902,25.819694214931182,2.1371814691818706e-51,1.854742421583683e-14,0.9999999999999815,3.251137542394502,11.388504727415881,YILIU,early
R,350ms,-1.3927707358090902,32.46391435832769,0.05210535498945506,0.016209572994629707,0.9316850720159153,3.4801291450294523,10.135338694411447,YILIU,early
NR,50ms,1.3925220292164502,3.2730367167340497,1.891035590043836e-44,0.29753782016385577,0.7024621798361442,1.1857182135233533,35.167820011965155,AQ,late
NR,100ms,1.3925220292164502,4.801650129764952,0.09882199694933842,0.08057664388454973,0.8206013591661118,1.568959635870425,27.850851656044444,AQ,late
NR,150ms,1.3925220292164502,5.650965857225375,0.27110338141854046,0.05248306394175968,0.6764135546396999,1.7318264787298565,25.37714103675869,AQ,late
NR,200ms,1.3925220292164502,5.028321172305785,0.2303871901668683,0.05465357628584556,0.7149592335472862,1.6150861654393176,27.11845957830618,AQ,late
NR,250ms,1.3925220292164502,8.11146610379088,0.3967031744999455,7.455882988655883e-7,0.6032960799117556,2.093278629075252,20.811404753162382,AQ,late
NR,300ms,1.3925220292164502,5.290289080010955,0.031419081908619334,0.18631488792539,0.7822660301659907,1.6658728908820486,26.341975838058037,AQ,late
NR,350ms,1.3925220292164502,4.572654186299431,0.05019534970428805,0.074275823165405,0.8755288271303069,1.520093821064159,28.656825501119897,AQ,late
R,50ms,1.3925220292164502,11.249036888725886,1.4859100377215124e-4,0.018814175341764734,0.981037233654463,2.420282515094661,17.493250932081615,AQ,late
R,100ms,1.3925220292164502,11.613741409036843,0.01882863590421266,0.08132775802772896,0.8998436060680584,2.4521890012496668,17.202661052454644,AQ,late
R,150ms,1.3925220292164502,16.740823083997643,0.024966338026620117,0.020164805067384762,0.9548688569059952,2.8178502325501777,14.223322875633928,AQ,late
R,200ms,1.3925220292164502,17.85462173743526,0.0019870207690006357,0.026081484529280458,0.9719314947017189,2.8822623955761464,13.758596640900823,AQ,late
R,250ms,1.3925220292164502,21.419520642408802,0.07236826816935914,3.489869884790453e-22,0.9276317318306408,3.064302685796678,12.53011594263528,AQ,late
R,300ms,1.3925220292164502,13.015475852461636,1.730826168654022e-11,0.0040892483034349406,0.9959107516792568,2.5661390996269224,16.20738170087268,AQ,late
R,350ms,1.3925220292164502,14.98169763567906,3.0103228820390084e-150,0.023603227586079762,0.9763967724139202,2.7068292984824316,15.064139888057312,AQ,late
NR,50ms,1.3925220292164502,2.230180959123456,0.0020705390532266927,0.04218452409936325,0.95574493684741,0.8020827297687336,45.240911833060174,HC,late
NR,100ms,1.3925220292164502,4.002025178016726,0.02194817537524961,0.13021790708652073,0.8478339175382297,1.3868005275002535,31.029257414109537,HC,late
NR,150ms,1.3925220292164502,4.8788533730592825,0.18390505528017875,1.6364501662783038e-58,0.8160949447198212,1.584910227719532,27.594559256736975,HC,late
NR,200ms,1.3925220292164502,3.5458133095411677,1.3677025515713596e-4,0.0786360843301826,0.9212271454146603,1.265767558082512,33.432595494472295,HC,late
NR,250ms,1.3925220292164502,3.719657626302279,0.16429994372899148,4.920900565052178e-4,0.8352079662145033,1.3136316281092406,32.45165395446913,HC,late
NR,300ms,1.3925220292164502,5.306038319322504,5.205471276929839e-102,0.05628184165786118,0.9437181583421388,1.6688454775746009,26.297456233906598,HC,late
NR,350ms,1.3925220292164502,4.586446194080964,0.050371250887692155,0.1775459962109752,0.7720827529013327,1.5231054745308248,28.606220391525532,HC,late
R,50ms,1.3925220292164502,7.734989337422623,5.370376065253868e-47,0.015472571003434403,0.9845274289965656,2.045754105539609,21.351381737951794,HC,late
R,100ms,1.3925220292164502,14.22289468903365,0.0449638487492433,0.004527105672333137,0.9505090455784235,2.654852968288279,15.475998262225856,HC,late
R,150ms,1.3925220292164502,10.12851236893632,5.972685904431412e-5,6.403134543221075e-75,0.9999402731409557,2.315354453472175,18.488010316530882,HC,late
R,200ms,1.3925220292164502,10.33209447848869,0.017057640736703867,9.519104343822114e-5,0.9828471682198578,2.3352550194512407,18.29459392501942,HC,late
R,250ms,1.3925220292164502,14.035236856472743,0.018959939903515046,2.5487271186940927e-5,0.981014572825298,2.6415710858006043,15.583182446014227,HC,late
R,300ms,1.3925220292164502,10.518376698421166,0.040370746662915,0.007244274292262345,0.9523849790448227,2.3531238891694026,18.122852124626785,HC,late
R,350ms,1.3925220292164502,9.250750450922464,0.001698154006536663,3.163200225983197e-5,0.9982702139912035,2.2247046780629427,19.39868747303191,HC,late
NR,50ms,1.3925220292164502,6.213078435268379,1.7666095340734257e-15,0.14788824461271477,0.8521117553872835,1.826656495381136,24.068621240979983,YILIU,late
NR,100ms,1.3925220292164502,4.161331765674151,0.18099479304826194,0.057233660546953,0.7617715464047851,1.4258351590199465,30.306518168411497,YILIU,late
NR,150ms,1.3925220292164502,5.440951683461373,0.029602121293640603,0.17737146599888373,0.7930264127074756,1.693953987380069,25.9253699140223,YILIU,late
NR,200ms,1.3925220292164502,12.471037281926487,0.24571704442214257,0.11993556452795781,0.6343473910498996,2.5234089384238767,16.573010065802904,YILIU,late
NR,250ms,1.3925220292164502,25.732344859809153,0.17450128766210055,0.14445136650203313,0.6810473458358662,3.247748755441272,11.40821369345579,YILIU,late
NR,300ms,1.3925220292164502,8.1523840576881,0.11338195833712852,0.1273841130317616,0.75923392863110994,2.098310406892149,20.755174179217814,YILIU,late
NR,350ms,1.3925220292164502,6.865683630553777,0.10851674284121464,0.11267330272240152,0.7788099544363839,1.9265356162800045,22.78076463405776,YILIU,late
R,50ms,1.3925220292164502,36.756679063442576,0.02244695163267888,0.013323520344993732,0.9642295280223274,3.604319952368474,9.516208352184478,YILIU,late
R,100ms,1.3925220292164502,31.072822295286713,0.04031188365097297,6.708493409596681e-7,0.9596874454996861,3.4363335559479404,10.363460489438143,YILIU,late
R,150ms,1.3925220292164502,39.75844418012064,0.0446854202883752,3.997116227468224e-6,0.9553105825953974,3.682822250744108,9.145051460657703,YILIU,late
R,200ms,1.3925220292164502,64.06576704066944,0.05753074272165585,4.5037003219354465e-90,0.9424692572783442,4.159910165740399,7.186581356735918,YILIU,late
R,250ms,1.3925220292164502,48.83135624747397,0.0017173986248642875,0.0320298193148952,0.9662527820602405,3.8883726525695654,8.241910324639871,YILIU,late
R,300ms,1.3925220292164502,41.03107034288185,5.6092110794343044e-5,2.6742435795806407e-27,0.9999439078892056,3.714329592949858,9.000295719852922,YILIU,late
R,350ms,1.3925220292164502,52.832956576061896,0.008291380322268409,0.008524521005424189,0.9831840986723074,3.9671351735713434,7.920485640256772,YILIU,late
