ID,CueType,DurationF,kappa,gamma,p_target
AQ,NR,50ms,4.779272389229739,0.31845986940806215,0.6815401305919379
AQ,NR,100ms,4.779272389229739,0.23475251057432567,0.7652474894256743
AQ,NR,150ms,4.779272389229739,0.3392426602350748,0.6607573397649251
AQ,NR,200ms,4.779272389229739,0.27188340415534756,0.7281165958446525
AQ,NR,250ms,4.779272389229739,0.27296298120921947,0.7270370187907805
AQ,NR,300ms,4.779272389229739,0.19979811335186423,0.8002018866481357
AQ,NR,350ms,4.779272389229739,0.1844976624970458,0.8155023375029542
AQ,R,50ms,14.881611044675013,0.07018628391993685,0.9298137160800631
AQ,R,100ms,14.881611044675013,0.10240144730972403,0.897598552690276
AQ,R,150ms,14.881611044675013,0.05902684793941892,0.9409731520605811
AQ,R,200ms,14.881611044675013,0.042782848652370586,0.9572171513476294
AQ,R,250ms,14.881611044675013,0.020449807001632975,0.979550192998367
AQ,R,300ms,14.881611044675013,0.03677612046930206,0.963223879530698
AQ,R,350ms,14.881611044675013,0.026036723731533096,0.9739632762684669
HC,NR,50ms,5.064737773064902,0.24629597056156277,0.7537040294384372
HC,NR,100ms,5.064737773064902,0.19620853604191196,0.8037914639580881
HC,NR,150ms,5.064737773064902,0.22639888628871005,0.7736011137112899
HC,NR,200ms,5.064737773064902,0.17793065559547527,0.8220693444045247
HC,NR,250ms,5.064737773064902,0.15437867712000453,0.8456213228799955
HC,NR,300ms,5.064737773064902,0.09082852677313315,0.9091714732268669
HC,NR,350ms,5.064737773064902,0.20187134651307184,0.7981286534869282
HC,R,50ms,10.658071711684672,0.08389196013763488,0.9161080398623651
HC,R,100ms,10.658071711684672,0.08667298251034229,0.9133270174896577
HC,R,150ms,10.658071711684672,0.041162481266425736,0.9588375187335743
HC,R,200ms,10.658071711684672,0.04152118393051146,0.9584788160694886
HC,R,250ms,10.658071711684672,0.005502825822235221,0.9944971741777647
HC,R,300ms,10.658071711684672,0.05744292557463223,0.9425570744253677
HC,R,350ms,10.658071711684672,0.036052393281648894,0.9639476067183511
YILIU,NR,50ms,8.400671649732312,0.34957422267848726,0.6504257773215127
YILIU,NR,100ms,8.400671649732312,0.3915616778172107,0.6084383221827894
YILIU,NR,150ms,8.400671649732312,0.37177207376322635,0.6282279262367736
YILIU,NR,200ms,8.400671649732312,0.34591359862316856,0.6540864013768315
YILIU,NR,250ms,8.400671649732312,0.3372968074978578,0.6627031925021423
YILIU,NR,300ms,8.400671649732312,0.2918720343148929,0.7081279656851072
YILIU,NR,350ms,8.400671649732312,0.31313485097175475,0.6868651490282452
YILIU,R,50ms,32.279210400578485,0.09357044761930748,0.9064295523806926
YILIU,R,100ms,32.279210400578485,0.08318206351463127,0.9168179364853687
YILIU,R,150ms,32.279210400578485,0.04453717213568809,0.9554628278643119
YILIU,R,200ms,32.279210400578485,0.05158709672332092,0.948412903276679
YILIU,R,250ms,32.279210400578485,0.04345420097110322,0.9565457990288968
YILIU,R,300ms,32.279210400578485,1.8476453968540227e-7,0.9999998152354603
YILIU,R,350ms,32.279210400578485,0.03383479346478817,0.9661652065352119
YDL,NR,50ms,2.5039001950666986,0.6423498032764455,0.35765019672355447
YDL,NR,100ms,2.5039001950666986,0.559682473372642,0.440317526627358
YDL,NR,150ms,2.5039001950666986,0.6198466966006352,0.3801533033993648
YDL,NR,200ms,2.5039001950666986,0.5395646936178414,0.46043530638215857
YDL,NR,250ms,2.5039001950666986,0.5662892165150355,0.4337107834849645
YDL,NR,300ms,2.5039001950666986,0.35326681161003326,0.6467331883899667
YDL,NR,350ms,2.5039001950666986,0.37590624082974344,0.6240937591702566
YDL,R,50ms,10.047487451525104,0.19200470880225884,0.8079952911977412
YDL,R,100ms,10.047487451525104,0.14240300022234065,0.8575969997776594
YDL,R,150ms,10.047487451525104,0.0715126311402158,0.9284873688597842
YDL,R,200ms,10.047487451525104,0.09399263638088103,0.9060073636191189
YDL,R,250ms,10.047487451525104,0.10900844145210817,0.8909915585478918
YDL,R,300ms,10.047487451525104,0.16593691535085855,0.8340630846491415
YDL,R,350ms,10.047487451525104,0.14933308310416848,0.8506669168958315
