model_id,level,kappa_struct,elapsed_min,elpd_loo,se_loo,looic,waic,delta_loo,delta_waic,ID,raw_ID,ladder
L0_2k,L0,2k,0.15223486423492433,-3802.569534110908,93.829365829741,7605.139068221816,7604.960691652879,45.56960616748711,91.82610032270713,P01,AQ,L0
L0_2k,L0,2k,0.9793943643569947,-3684.513260686142,83.88826473345276,7369.026521372284,7368.957762899822,43.03396087934152,86.4106658535593,P02,HC,L0
L0_2k,L0,2k,0.9818259517351786,-3272.097728857017,111.61379604883534,6544.195457714034,6543.268842633638,56.56096233548806,113.07136463068218,P03,YILIU,L0
L0_2k,L0,2k,0.8089577476183574,-5468.351512574728,71.4689735853147,10936.703025149456,10936.660581876667,22.316731399918353,44.79138049556241,P04,YDL,L0
L1_2k,L1,2k,2.645358232657115,-3278.882643786225,77.32023420033691,6557.76528757245,6557.694308802552,0,0,P01,AQ,L1
L1_2k,L1,2k,2.5886624336242674,-3287.244735407871,72.44636378784828,6574.489470815742,6574.422629592806,2.9228847387498718,5.89018691232377,P02,HC,L1
L1_2k,L1,2k,2.521078681945801,-2445.4344779068674,87.20351021694022,4890.868955813735,4890.811581728635,13.917822007047107,27.87564972385917,P03,YILIU,L1
L1_2k,L1,2k,3.0256223320960998,-5049.764892745765,68.94593507350017,10099.52978549153,10099.470266678187,0,0,P04,YDL,L1
L2_2k,L2,2k,5.49373946984609,-3259.3210476806876,75.65464024557694,6518.642095361375,6518.5506461479445,1.641911997846364,3.3255867705311175,P01,AQ,L2
L2_2k,L2,2k,5.467433452606201,-3271.45319794916,70.52890993698176,6542.90639589832,6542.836812884625,4.114294684785364,8.25280802321322,P02,HC,L2
L2_2k,L2,2k,5.338039982318878,-2399.6374772482814,85.27313381195381,4799.274954496563,4799.17555117928,16.383836862315547,32.813077399793656,P03,YILIU,L2
L2_2k,L2,2k,5.828919581572214,-5055.213737039994,68.17996027170744,10110.427474079988,10110.344511034698,0,0,P04,YDL,L2
